"Rid","Nrating","RTrating","IMDBrating"
"2491","60","53","5.7"
"5721","54","44","4.8"
"5402","45","38","4.2"
"6464","45","40","4.3"
"7580","71","62","6.7"
"8583","47","38","4.1"
"3608","56","51","5.3"
"3462","68","63","6.8"
"9591","56","47","5"
"5583","51","41","4.3"
"3747","80","73","7.8"
"6440","89","82","8.4"
"9439","50","44","4.6"
"8287","40","30","3.2"
"9082","42","32","3.5"
"5527","93","86","8.9"
"9997","55","46","4.8"
"2930","71","63","6.6"
"3560","89","79","8.1"
"7645","90","81","8.5"
"9519","94","88","9.1"
"9560","47","37","4.1"
"3646","78","72","7.7"
"8919","72","63","6.5"
"4022","93","85","8.9"
"7351","80","72","7.4"
"7787","87","81","8.6"
"9510","75","68","7"
"3362","82","72","7.4"
"8941","77","67","7"
"4333","80","74","7.7"
"8101","85","77","7.9"
"4937","79","69","7.1"
"3628","55","47","5"
"5122","84","77","8.1"
"6762","85","76","7.9"
"7221","55","50","5.3"
"5962","45","36","3.8"
"2033","58","49","5.4"
"3671","48","42","4.5"
"8810","94","87","8.9"
"2946","47","39","4.2"
"8814","84","76","7.9"
"4372","45","36","3.8"
"3117","69","62","6.4"
"9282","41","35","3.8"
"8744","94","84","8.8"
"5379","57","48","5.2"
"8838","42","32","3.7"
"6027","91","81","8.5"
"9922","42","35","3.8"
"8432","40","33","3.5"
"6363","62","57","5.9"
"7455","87","80","8.3"
"7537","80","71","7.3"
"8058","84","77","8.1"
"9966","54","45","4.7"
"2347","72","64","6.7"
"4090","57","52","5.6"
"9502","47","38","4.3"
"8157","75","66","7"
"3441","84","79","8.3"
"7481","69","59","6.4"
"2729","76","67","7.1"
"6808","99","90","9.3"
"6752","73","66","7"
"7493","60","51","5.3"
"8170","93","85","9"
"6953","52","46","4.8"
"4257","46","41","4.5"
"3072","89","83","8.7"
"3687","77","67","7.2"
"4575","83","76","7.8"
"5006","59","53","5.8"
"7656","67","58","6.2"
"2482","43","37","4.2"
"7437","48","39","4.3"
"9300","81","73","7.8"
"7859","86","79","8.2"
"8414","89","80","8.5"
"7155","45","40","4.4"
"3290","93","84","8.6"
"5146","71","66","7"
"3594","90","85","8.9"
"4727","54","49","5.3"
"4960","52","44","4.9"
"9987","74","65","6.8"
"7663","47","40","4.4"
"8026","93","84","8.9"
"3125","71","61","6.4"
"2435","52","44","4.9"
"7557","56","51","5.4"
"4661","44","37","3.9"
"9789","77","69","7.1"
"3967","88","81","8.5"
"8183","97","89","9.2"
"6019","48","39","4.2"
"9798","92","83","8.6"
"4137","95","90","9.2"
"4578","54","48","5"
"2899","75","65","6.9"
"9126","56","47","5.2"
"8698","88","80","8.2"
"6490","55","47","5.1"
"5326","60","53","5.6"
"4240","50","40","4.5"
"8075","48","42","4.6"
"5833","54","45","5"
"3871","81","75","8"
"7109","53","48","5"
"4509","76","70","7.3"
"2602","82","73","7.5"
"4794","88","82","8.6"
"9940","51","41","4.3"
"6956","64","54","5.8"
"9074","89","79","8.4"
"7497","64","54","5.6"
"6859","62","54","5.9"
"6288","67","61","6.6"
"7124","59","49","5.2"
"8207","40","30","3.5"
"2532","43","34","3.6"
"8719","61","52","5.7"
"9005","63","57","6.2"
"6963","96","87","9.1"
"2855","68","62","6.7"
"5071","77","68","7"
"3248","62","55","5.9"
"8897","67","60","6.3"
"6272","85","77","7.9"
"4142","46","38","4.1"
"7780","87","81","8.6"
"9350","58","51","5.4"
"8969","76","71","7.3"
"5299","59","52","5.4"
"3532","60","52","5.4"
"9195","86","77","8.1"
"7001","52","42","4.4"
"5152","48","38","4.2"
"3456","44","39","4.1"
"6745","65","59","6.3"
"4525","74","68","7.3"
"9375","66","59","6.4"
"6465","71","62","6.6"
"3910","72","66","7"
"2298","78","72","7.6"
"6727","53","43","4.5"
"6553","64","57","6.1"
"4120","50","44","4.6"
"7470","44","37","4.2"
"5609","74","69","7.2"
"3408","42","36","3.9"
"4660","77","69","7.3"
"6003","40","31","3.5"
"8715","83","76","8"
"8446","41","31","3.3"
"3075","97","90","9.5"
"4419","91","85","8.8"
"4508","71","62","6.5"
"2790","98","89","9.2"
"9888","80","75","7.8"
"2865","56","48","5.1"
"9039","62","55","5.8"
"4957","90","82","8.5"
"7894","44","37","4.2"
"6136","47","38","4.3"
"2774","43","35","4"
"7429","99","91","9.5"
"9328","69","61","6.5"
"7023","73","65","7"
"9748","47","42","4.6"
"9448","52","44","4.9"
"8261","56","50","5.2"
"8706","76","67","6.9"
"7805","87","78","8.3"
"2151","75","66","6.9"
"5217","78","72","7.7"
"8443","68","58","6.2"
"3817","63","56","5.8"
"2129","90","80","8.3"
"2068","47","37","4.1"
"5550","65","60","6.5"
"8493","72","65","6.7"
"5726","66","59","6.3"
"7103","68","59","6.2"
"6732","88","80","8.4"
"5544","59","50","5.3"
"3133","81","75","7.9"
"6198","57","51","5.5"
"6853","59","52","5.4"
"5860","84","78","8.1"
"3959","89","84","8.8"
"2990","51","43","4.7"
"7954","69","60","6.2"
"8429","61","53","5.6"
"4353","55","46","5"
"4460","93","85","8.9"
"8428","53","48","5.2"
"3585","51","42","4.5"
"4956","42","36","3.9"
"2763","92","83","8.6"
"2872","98","90","9.2"
"2668","76","67","7.2"
"7790","86","77","8.1"
"4990","89","80","8.2"
"4523","57","48","5.2"
"5189","86","77","7.9"
"2963","71","64","6.8"
"8427","93","86","8.9"
"4108","74","64","6.8"
"8570","92","86","9.1"
"6062","57","51","5.3"
"3354","91","82","8.4"
"6672","82","74","7.6"
"8843","41","34","3.7"
"2072","94","85","8.7"
"5526","53","46","5"
"6741","73","63","6.5"
"2873","60","54","5.8"
"4015","95","89","9.1"
"7298","69","59","6.1"
"8607","51","41","4.4"
"8064","99","92","9.5"
"3372","66","60","6.3"
"3681","50","41","4.4"
"3335","74","66","6.8"
"3550","61","52","5.5"
"7189","64","54","5.6"
"9238","53","46","4.8"
"6269","63","57","5.9"
"5167","45","36","3.9"
"7269","87","80","8.3"
"5542","64","55","5.9"
"9363","70","60","6.2"
"7532","61","56","6.1"
"9598","78","70","7.3"
"3363","82","76","8.1"
"9116","55","48","5.3"
"9144","45","36","3.8"
"5615","63","54","5.9"
"2008","77","68","7.2"
"8438","84","74","7.6"
"8077","69","64","6.9"
"3244","50","43","4.5"
"6382","89","79","8.3"
"9884","83","74","7.6"
"6309","74","65","6.9"
"9453","90","85","8.9"
"7353","66","56","6"
"5181","45","36","4"
"5094","81","72","7.4"
"9326","46","39","4.4"
"4557","57","50","5.2"
"3503","47","40","4.2"
"3011","62","55","5.8"
"8020","75","66","6.9"
"6767","40","33","3.7"
"2209","75","67","7.1"
"4477","49","42","4.4"
"6248","42","36","4.1"
"8727","88","82","8.4"
"3051","53","43","4.7"
"9764","80","74","7.8"
"8847","56","47","5.1"
"7254","91","83","8.7"
"3703","52","43","4.8"
"5076","95","88","9.2"
"9476","65","58","6"
"5533","97","89","9.4"
"3626","50","45","4.7"
"8325","89","83","8.7"
"5560","82","73","7.7"
"5637","92","85","9"
"3326","42","33","3.6"
"2096","59","51","5.5"
"8997","82","76","8.1"
"8107","92","85","8.8"
"7058","94","84","8.7"
"4662","91","84","8.8"
"6831","47","39","4.2"
"4263","52","47","5.1"
"8176","71","61","6.3"
"4278","49","44","4.9"
"4415","47","38","4.1"
"9920","93","87","9.1"
"2524","57","50","5.4"
"3727","51","44","4.9"
"7791","59","50","5.4"
"2064","93","86","8.8"
"7476","93","83","8.6"
"6496","89","84","8.8"
"2444","69","60","6.4"
"6461","80","72","7.5"
"6390","68","61","6.5"
"2665","42","34","3.7"
"9446","87","82","8.7"
"8795","51","46","4.9"
"3571","86","78","8.3"
"2703","65","56","5.9"
"9547","76","68","7.1"
"6701","43","35","4"
"5740","60","52","5.5"
"7730","99","91","9.6"
"7448","61","51","5.4"
"4711","97","87","9.1"
"6839","91","81","8.5"
"2577","96","86","8.9"
"9678","45","39","4.1"
"2385","96","91","9.4"
"7267","46","40","4.2"
"7849","81","72","7.7"
"7286","59","54","5.7"
"7326","60","55","5.7"
"7182","79","72","7.7"
"6655","62","52","5.6"
"2071","49","41","4.6"
"6778","77","71","7.4"
"9662","74","69","7.4"
"6957","81","72","7.5"
"5170","84","77","8"
"2177","53","45","5"
"3060","53","45","4.9"
"7846","55","46","4.9"
"5751","42","33","3.6"
"2811","97","90","9.4"
"8940","53","44","4.6"
"8263","62","57","5.9"
"4233","60","52","5.7"
"5938","64","54","5.6"
"3588","40","31","3.4"
"8680","76","71","7.4"
"7918","51","45","4.7"
"3711","58","51","5.3"
"2245","65","55","5.7"
"9877","66","59","6.4"
"7337","98","90","9.2"
"5969","42","32","3.6"
"7469","64","59","6.1"
"8756","52","45","4.8"
"4607","94","85","8.9"
"4633","41","35","3.9"
"9540","86","80","8.2"
"3810","90","84","8.6"
"7693","58","48","5"
"2760","68","58","6.3"
"5036","84","74","7.6"
"9305","59","51","5.6"
"9022","91","84","8.7"
"7386","71","66","6.8"
"8927","86","78","8.1"
"2333","83","74","7.8"
"7509","86","77","8.2"
"9258","63","57","6.1"
"8780","95","87","9"
"2349","46","37","4.2"
"9740","84","79","8.4"
"3212","82","74","7.7"
"6848","77","72","7.7"
"4949","65","58","6"
"3514","48","43","4.6"
"7913","70","63","6.8"
"9694","76","70","7.3"
"4720","58","48","5.2"
"8606","69","62","6.7"
"3549","66","57","6.1"
"6651","44","36","3.9"
"7718","95","87","9.2"
"9820","48","43","4.6"
"5132","63","55","5.8"
"4899","74","67","7.2"
"5719","70","60","6.4"
"7796","55","46","4.8"
"9124","51","44","4.7"
"2670","67","59","6.1"
"2706","86","78","8.3"
"4224","82","74","7.6"
"2847","82","72","7.4"
"5966","97","90","9.2"
"2304","80","71","7.6"
"2055","80","73","7.8"
"4804","56","47","5"
"9214","96","87","8.9"
"5828","90","82","8.7"
"9868","42","32","3.5"
"2976","75","68","7.1"
"5179","60","51","5.6"
"6260","83","73","7.7"
"5963","76","66","6.8"
"8799","78","70","7.3"
"7936","81","76","7.8"
"8634","43","35","3.7"
"3641","83","77","7.9"
"5161","51","46","5"
"3288","74","69","7.1"
"8400","97","91","9.6"
"7745","96","89","9.1"
"5698","76","67","7"
"9848","50","43","4.8"
"7443","70","62","6.4"
"7504","45","40","4.3"
"9894","62","55","6"
"2838","45","38","4.3"
"4439","78","73","7.8"
"7817","97","90","9.3"
"7830","43","37","4.1"
"2684","57","48","5"
"5628","74","65","6.7"
"7937","47","41","4.4"
"5346","68","58","6.3"
"7098","68","59","6.2"
"5295","50","41","4.3"
"3567","75","69","7.2"
"2801","63","58","6"
"2896","50","45","4.9"
"2572","71","61","6.3"
"4772","88","81","8.5"
"8113","90","80","8.5"
"2275","97","90","9.3"
"4587","98","93","9.5"
"8713","61","51","5.6"
"7841","85","77","8.2"
"3205","99","90","9.5"
"5434","48","40","4.5"
"4541","92","85","8.9"
"4304","54","45","4.8"
"6820","87","78","8.2"
"9226","97","92","9.7"
"7733","88","80","8.4"
"3593","61","56","5.9"
"4174","57","48","5"
"2998","66","56","6.1"
"2996","89","84","8.9"
"9193","92","87","9.2"
"8726","77","68","7.2"
"3745","53","44","4.7"
"7354","76","67","7.1"
"2471","75","69","7.3"
"9558","99","89","9.3"
"3438","65","60","6.4"
"7652","91","85","9"
"4424","97","88","9.3"
"6933","48","43","4.6"
"3173","51","44","4.7"
"9899","48","38","4.2"
"6599","80","73","7.8"
"2305","69","64","6.6"
"8986","41","34","3.7"
"7893","71","65","6.7"
"4429","83","74","7.7"
"6638","63","57","6.2"
"2467","86","76","7.8"
"3422","57","47","5.1"
"9406","91","81","8.3"
"5649","84","76","8.1"
"4981","94","88","9.3"
"3877","63","53","5.6"
"3596","72","67","7.2"
"6566","68","63","6.5"
"4138","53","47","4.9"
"6996","78","69","7.3"
"2022","55","47","5.2"
"4418","63","55","5.7"
"2396","79","71","7.4"
"9224","65","59","6.3"
"9729","98","91","9.5"
"9180","48","39","4.1"
"6044","98","88","9.3"
"8433","64","58","6"
"2418","81","73","7.6"
"9174","66","57","6.1"
"9380","86","76","8"
"6868","67","59","6.1"
"4664","49","42","4.6"
"6721","98","93","9.7"
"9809","92","85","8.8"
"5765","87","80","8.4"
"7538","45","38","4.3"
"4068","48","40","4.4"
"8957","81","72","7.6"
"4104","40","30","3.2"
"6185","62","53","5.6"
"2228","53","47","5.2"
"5602","92","85","8.7"
"2777","96","89","9.3"
"7603","74","67","7.2"
"4003","84","77","8"
"3297","80","75","7.9"
"4242","67","62","6.4"
"8949","86","76","8.1"
"5840","40","34","3.9"
"2650","43","36","3.9"
"9703","89","81","8.3"
"2425","76","67","6.9"
"9072","80","72","7.4"
"7672","73","63","6.8"
"4621","44","37","4"
"7556","51","46","5"
"5120","96","90","9.3"
"4340","70","63","6.7"
"2486","40","35","4"
"9675","51","44","4.6"
"2455","61","56","5.9"
"3375","47","39","4.1"
"6295","88","79","8.2"
"9273","52","45","4.8"
"6139","99","94","9.6"
"6274","96","91","9.5"
"2143","96","87","9.1"
"7776","72","66","6.9"
"8677","68","58","6.1"
"3938","50","44","4.8"
"5783","70","63","6.7"
"3003","71","61","6.6"
"9316","71","61","6.3"
"7191","44","37","4.2"
"6603","86","78","8.1"
"9962","52","45","4.9"
"8161","93","85","8.7"
"2221","96","88","9.1"
"2672","68","63","6.8"
"3669","89","84","8.8"
"2879","79","73","7.5"
"2147","41","34","3.8"
"2399","91","81","8.3"
"3490","98","89","9.1"
"3082","53","47","5.1"
"6040","79","73","7.7"
"9370","58","53","5.8"
"6611","47","38","4"
"3913","67","61","6.6"
"2693","40","30","3.4"
"3538","82","72","7.7"
"8781","93","84","8.7"
"8894","82","72","7.6"
"3750","50","45","5"
"4779","73","64","6.6"
"7017","45","40","4.5"
"3707","93","86","8.9"
"8435","76","69","7.4"
"7130","44","36","3.9"
"8138","70","60","6.4"
"3815","79","72","7.6"
"9946","91","83","8.7"
"9943","93","83","8.8"
"4670","74","65","7"
"8776","64","59","6.4"
"6998","53","48","5"
"2074","83","78","8"
"3554","61","52","5.7"
"9479","74","68","7.1"
"9274","60","55","5.8"
"3611","60","50","5.5"
"5131","50","40","4.4"
"3548","91","81","8.3"
"2858","66","61","6.5"
"5836","94","85","8.8"
"8393","60","55","6"
"5000","82","75","7.9"
"2926","89","80","8.3"
"5652","80","71","7.4"
"4355","52","43","4.7"
"5772","86","77","8.2"
"5270","54","45","4.9"
"3551","53","44","4.6"
"2103","54","44","4.8"
"6687","65","56","6.1"
"9890","54","46","5.1"
"7917","65","55","6"
"3863","41","36","3.9"
"5034","55","46","5.1"
"7259","79","74","7.7"
"5187","46","39","4.3"
"6623","89","81","8.5"
"6457","55","48","5"
"4035","47","38","4.2"
"3651","53","48","5.2"
"8996","45","36","3.9"
"8422","93","83","8.7"
"2915","49","44","4.6"
"4901","76","71","7.5"
"7617","71","66","7"
"8689","81","71","7.3"
"4314","52","44","4.8"
"6169","61","53","5.8"
"7742","89","80","8.2"
"9187","99","90","9.2"
"7441","62","57","6.2"
"6909","64","56","5.8"
"3670","47","38","4.2"
"8840","47","38","4.1"
"7406","75","65","6.9"
"7306","69","60","6.3"
"3424","46","41","4.5"
"5135","43","38","4.1"
"7512","40","30","3.2"
"5788","77","72","7.5"
"5882","91","86","9.1"
"8092","69","59","6.3"
"7536","74","69","7.4"
"9259","88","81","8.3"
"4184","43","33","3.6"
"7965","62","53","5.5"
"7050","56","51","5.5"
"2849","84","75","7.8"
"2584","53","48","5.1"
"6753","94","88","9.3"
"3163","68","61","6.6"
"9235","89","80","8.2"
"5909","63","55","5.9"
"2901","83","78","8"
"9373","60","55","6"
"6255","50","40","4.3"
"3489","44","35","3.9"
"8848","51","45","5"
"9695","81","76","7.9"
"6786","60","55","6"
"4083","70","64","6.9"
"8823","54","44","4.8"
"4510","89","80","8.4"
"4719","62","56","6.1"
"8884","57","48","5.1"
"9515","70","64","6.8"
"9327","80","72","7.5"
"3093","70","63","6.6"
"8491","59","52","5.5"
"9356","69","59","6.2"
"6292","77","69","7.3"
"6797","88","79","8.3"
"2009","82","75","8"
"9112","55","49","5.4"
"5981","76","68","7"
"9179","77","70","7.5"
"8326","88","83","8.6"
"6740","46","41","4.5"
"9568","47","41","4.6"
"3228","48","39","4.4"
"3315","61","53","5.5"
"3620","88","83","8.7"
"2652","45","37","4.2"
"9063","68","59","6.1"
"3688","87","78","8.2"
"3760","93","87","8.9"
"7138","80","74","7.7"
"6103","81","75","7.8"
"6644","62","55","5.7"
"3518","99","90","9.3"
"6165","95","86","9"
"5555","83","76","7.8"
"7549","65","55","6"
"4637","56","51","5.5"
"9534","61","51","5.5"
"5501","49","41","4.5"
"4672","81","71","7.6"
"7440","76","67","7"
"2666","72","66","7"
"4399","90","80","8.5"
"8481","64","58","6.3"
"7349","70","65","7"
"9953","54","46","4.8"
"6509","66","60","6.3"
"6476","88","79","8.4"
"3063","90","81","8.3"
"7296","93","88","9.3"
"6115","70","62","6.5"
"8483","53","48","5"
"9720","53","48","5"
"4715","68","61","6.5"
"9146","71","62","6.4"
"4702","91","82","8.7"
"4577","74","64","6.8"
"9749","55","46","4.9"
"2292","67","57","6"
"8485","53","47","4.9"
"4624","78","69","7.4"
"9172","80","74","7.7"
"9464","66","56","6.1"
"7640","92","87","9"
"6394","48","40","4.4"
"4337","73","66","7"
"9514","78","68","7.2"
"4079","88","80","8.3"
"9033","56","48","5"
"7500","67","60","6.3"
"8303","88","78","8.2"
"8335","57","50","5.4"
"5358","51","42","4.7"
"8603","85","75","8"
"8323","79","73","7.8"
"4389","89","83","8.5"
"6501","48","38","4.2"
"4362","65","59","6.4"
"2054","93","85","9"
"5194","41","35","3.9"
"2058","99","89","9.1"
"6773","44","38","4.3"
"3147","75","65","7"
"8801","76","67","7"
"4549","42","34","3.8"
"8135","95","86","8.8"
"6822","52","46","5"
"4194","49","44","4.8"
"3403","59","49","5.3"
"2469","99","93","9.8"
"5128","44","35","3.8"
"3308","99","89","9.2"
"2857","77","70","7.5"
"8271","45","39","4.3"
"5391","92","82","8.4"
"6404","53","47","5"
"3654","74","64","6.7"
"2739","60","50","5.2"
"3977","96","90","9.4"
"7930","75","70","7.5"
"3029","74","69","7.4"
"2598","68","63","6.7"
"4629","75","65","7"
"2234","49","40","4.2"
"5266","70","63","6.6"
"9713","74","67","7.1"
"2889","65","56","5.9"
"2994","87","80","8.2"
"7031","56","46","4.8"
"6686","46","38","4.1"
"6459","81","71","7.6"
"9119","94","85","9"
"9978","97","91","9.6"
"9916","61","55","5.9"
"6170","46","36","4.1"
"3202","59","53","5.7"
"6678","89","79","8.4"
"8117","79","70","7.2"
"2615","51","46","4.9"
"2417","71","63","6.5"
"5704","76","67","7"
"9249","80","72","7.4"
"4555","50","45","4.9"
"4143","80","72","7.7"
"5741","85","78","8"
"8891","88","79","8.1"
"9425","46","36","3.8"
"3652","74","69","7.4"
"3677","67","60","6.4"
"9577","62","53","5.8"
"5169","75","69","7.4"
"2623","45","35","3.8"
"2868","60","52","5.4"
"3064","50","40","4.4"
"4773","44","39","4.3"
"6729","82","76","8"
"3581","74","64","6.9"
"6777","73","64","6.9"
"4837","53","46","5.1"
"5580","52","42","4.7"
"3653","60","54","5.6"
"9208","49","41","4.4"
"8148","99","93","9.6"
"2089","65","56","5.9"
"5914","74","69","7.3"
"4504","89","83","8.8"
"5696","44","35","3.7"
"9053","70","63","6.6"
"3843","71","66","7"
"3377","86","78","8"
"9263","57","50","5.3"
"9117","57","50","5.5"
"5947","94","88","9.1"
"5773","72","65","6.7"
"4121","70","62","6.7"
"9253","94","88","9.3"
"4991","72","66","7"
"3740","96","87","8.9"
"8733","89","81","8.4"
"3577","91","84","8.9"
"3797","43","34","3.9"
"8865","67","62","6.5"
"3336","85","80","8.5"
"4266","95","90","9.3"
"5033","80","75","7.9"
"3020","68","60","6.2"
"8779","42","32","3.5"
"9663","97","87","8.9"
"6413","55","48","5.3"
"9501","89","79","8.3"
"8993","51","42","4.7"
"6967","75","70","7.5"
"3917","87","82","8.5"
"6904","45","40","4.2"
"2701","84","79","8.4"
"2510","54","48","5.2"
"9984","48","38","4.3"
"5079","84","74","7.7"
"3056","81","76","7.9"
"2353","49","44","4.6"
"4866","77","69","7.4"
"8643","47","38","4.3"
"8204","68","60","6.4"
"8104","91","82","8.7"
"3121","47","42","4.5"
"7514","80","72","7.4"
"5917","51","45","4.9"
"4140","52","43","4.7"
"6939","51","42","4.4"
"8145","46","41","4.4"
"6197","69","60","6.5"
"3389","81","74","7.6"
"8477","91","84","8.6"
"6733","68","61","6.4"
"8094","76","71","7.6"
"5784","86","77","8"
"9081","60","54","5.7"
"6108","86","78","8"
"8093","95","89","9.1"
"3506","92","84","8.7"
"5809","74","68","7.2"
"5153","44","39","4.3"
"5732","50","45","4.7"
"6206","69","64","6.9"
"4786","59","51","5.5"
"4147","90","81","8.4"
"2909","67","59","6.3"
"6616","84","79","8.1"
"9802","60","53","5.7"
"2290","95","86","8.8"
"2183","66","58","6.3"
"8641","51","43","4.6"
"6184","79","70","7.2"
"2387","43","34","3.9"
"8554","45","39","4.2"
"6156","53","44","4.8"
"2780","61","52","5.6"
"2493","44","35","3.9"
"9751","84","79","8.2"
"5877","71","64","6.9"
"4123","54","46","5"
"9165","60","52","5.6"
"2175","95","87","8.9"
"6093","41","33","3.8"
"5314","62","52","5.5"
"6885","53","45","5"
"9079","78","72","7.7"
"9171","53","46","4.9"
"7577","85","77","8"
"5424","53","44","4.6"
"7946","95","89","9.2"
"5341","52","45","4.8"
"8349","61","56","6"
"6435","54","49","5.1"
"2303","73","66","6.9"
"6358","83","76","7.9"
"8785","41","35","3.7"
"7555","86","77","8"
"8987","99","91","9.3"
"6717","84","78","8.1"
"4924","83","74","7.7"
"3252","89","83","8.8"
"3775","76","70","7.4"
"6119","89","83","8.8"
"8111","83","76","8"
"2986","65","59","6.4"
"5129","65","58","6"
"8930","87","78","8.3"
"4978","82","77","7.9"
"3251","96","90","9.3"
"4159","72","64","6.6"
"5198","82","72","7.7"
"6530","90","82","8.5"
"2718","84","77","7.9"
"3013","92","82","8.7"
"8714","42","36","3.9"
"3731","58","52","5.7"
"7524","66","61","6.4"
"7067","74","69","7.3"
"3597","52","44","4.6"
"3034","84","78","8.1"
"4148","88","79","8.3"
"7139","83","76","7.9"
"5223","74","64","6.7"
"3733","80","71","7.3"
"6684","73","64","6.9"
"4211","89","79","8.2"
"3237","68","61","6.6"
"2580","68","59","6.1"
"4769","53","46","4.8"
"8559","73","67","7"
"4136","47","42","4.6"
"8457","47","41","4.6"
"5474","72","67","7"
"7062","78","73","7.6"
"7902","71","65","6.9"
"3682","46","37","4.2"
"6688","48","42","4.5"
"3781","60","55","6"
"3058","94","85","8.8"
"3704","46","37","4.2"
"6398","76","71","7.6"
"3497","85","77","8"
"2903","51","45","5"
"9042","57","52","5.4"
"5311","77","72","7.6"
"7264","85","79","8.3"
"6747","99","90","9.4"
"3898","78","71","7.6"
"6125","90","82","8.6"
"5707","56","47","4.9"
"6928","63","54","5.8"
"6432","58","51","5.6"
"9367","86","76","8"
"5782","59","53","5.7"
"7583","93","83","8.7"
"2642","79","71","7.3"
"6507","86","76","8.1"
"7346","66","60","6.3"
"6042","59","49","5.1"
"6896","42","32","3.7"
"4377","47","38","4.2"
"4276","64","59","6.1"
"7237","63","55","5.7"
"3148","59","54","5.7"
"9047","84","74","7.7"
"2770","80","74","7.8"
"3974","55","46","4.8"
"9752","94","88","9.3"
"6875","54","46","5.1"
"6214","84","77","8.1"
"9768","59","51","5.4"
"3204","71","62","6.6"
"6083","46","36","4.1"
"4402","51","44","4.7"
"5747","40","31","3.4"
"7853","67","57","6.2"
"7242","55","50","5.5"
"9148","67","58","6.3"
"8455","67","61","6.5"
"3842","63","56","5.9"
"4728","70","63","6.7"
"3432","43","34","3.8"
"4895","88","78","8.1"
"3680","98","91","9.6"
"7352","50","40","4.4"
"6451","74","65","7"
"8874","99","90","9.2"
"8016","66","58","6.1"
"8310","77","70","7.5"
"7107","88","80","8.3"
"3904","55","50","5.5"
"2871","55","47","5.1"
"8979","58","49","5.4"
"2067","43","38","4.1"
"6396","71","62","6.7"
"2518","99","90","9.3"
"4800","84","75","7.8"
"3127","55","48","5.2"
"7136","95","86","9"
"2538","81","76","7.8"
"2691","77","67","7.2"
"7803","70","63","6.8"
"8890","87","82","8.7"
"2677","57","48","5.2"
"9002","89","82","8.4"
"3779","74","64","6.8"
"9336","45","35","4"
"8635","49","43","4.5"
"8970","86","78","8.3"
"6788","79","73","7.7"
"9159","55","49","5.3"
"3782","55","48","5.3"
"2573","96","91","9.6"
"2344","43","35","3.9"
"6545","95","88","9.1"
"5685","78","70","7.5"
"2853","90","80","8.2"
"2709","81","73","7.7"
"7374","69","63","6.6"
"9496","53","47","4.9"
"7433","59","51","5.6"
"9744","59","53","5.6"
"3090","58","50","5.3"
"5162","44","37","3.9"
"8392","93","88","9"
"3887","46","37","3.9"
"9279","60","50","5.4"
"8528","59","53","5.7"
"5705","50","41","4.3"
"5400","43","37","4.1"
"9465","90","80","8.4"
"4346","87","82","8.5"
"2443","52","42","4.5"
"4502","94","86","9"
"6546","90","82","8.5"
"3859","67","57","6.1"
"8545","43","34","3.9"
"7964","64","55","5.7"
"2162","62","55","6"
"4801","64","55","5.8"
"6711","60","53","5.8"
"2269","68","63","6.7"
"7781","95","90","9.3"
"4971","52","43","4.8"
"3055","84","76","7.9"
"8244","94","87","9.2"
"8676","48","42","4.7"
"2819","61","53","5.7"
"6780","88","81","8.3"
"7692","59","52","5.4"
"4520","98","91","9.4"
"7399","83","78","8.2"
"7878","96","89","9.2"
"9489","52","46","5.1"
"3784","97","87","9.2"
"6700","57","47","5.1"
"3392","65","58","6.1"
"4443","56","48","5.1"
"6154","76","68","7.1"
"9611","84","74","7.6"
"9070","77","69","7.3"
"3364","65","55","5.9"
"3511","41","34","3.6"
"4807","44","39","4.2"
"8812","45","37","4.1"
"6680","88","78","8.1"
"9201","86","80","8.4"
"5154","76","71","7.6"
"7701","44","36","4.1"
"7166","68","62","6.7"
"9817","65","56","6"
"3197","43","36","3.9"
"2442","60","55","5.8"
"9086","43","36","4.1"
"7637","47","37","4.2"
"5745","83","74","7.7"
"2124","61","52","5.6"
"7880","77","72","7.4"
"5272","57","52","5.7"
"8395","41","32","3.5"
"8552","59","51","5.3"
"8968","78","73","7.7"
"5349","77","69","7.4"
"4112","65","60","6.4"
"6779","49","44","4.9"
"9175","75","66","6.9"
"6990","95","85","8.9"
"7533","43","33","3.6"
"2373","54","45","5"
"5661","51","41","4.5"
"9712","44","36","3.8"
"7188","62","54","5.9"
"5817","76","66","6.8"
"4408","43","34","3.7"
"2955","80","73","7.8"
"6622","60","54","5.6"
"3912","46","40","4.2"
"4212","49","39","4.1"
"2987","60","51","5.4"
"9170","53","46","4.9"
"9555","43","35","3.8"
"4945","90","80","8.2"
"7788","61","53","5.8"
"7199","41","35","4"
"8470","89","83","8.5"
"9923","46","39","4.4"
"8459","72","64","6.6"
"8828","83","73","7.8"
"4554","62","52","5.5"
"9849","95","87","8.9"
"2657","65","58","6.2"
"8122","96","87","9.2"
"2317","83","78","8.1"
"8907","52","45","4.9"
"7361","62","53","5.6"
"9114","96","90","9.4"
"4929","74","66","7"
"7968","86","79","8.1"
"6403","48","39","4.2"
"7761","58","49","5.2"
"2752","62","57","6.2"
"7526","83","77","7.9"
"8688","45","38","4"
"6053","49","40","4.3"
"7813","96","87","9.1"
"5837","81","76","7.9"
"8693","63","55","5.9"
"8762","68","60","6.3"
"3098","41","32","3.7"
"9697","79","70","7.2"
"8564","98","89","9.4"
"4858","67","61","6.4"
"7396","75","67","7.1"
"4892","92","85","9"
"2483","78","69","7.2"
"5951","45","39","4.2"
"3434","71","61","6.4"
"6771","56","48","5.3"
"4368","58","49","5.2"
"7746","61","55","6"
"4863","43","36","3.8"
"5850","63","57","6"
"8558","61","53","5.5"
"6311","43","36","3.8"
"7047","81","76","7.8"
"2013","84","78","8.2"
"8664","94","86","9"
"6099","59","53","5.5"
"4733","45","37","3.9"
"7884","85","77","7.9"
"8702","58","51","5.3"
"2411","83","78","8"
"6378","96","88","9.3"
"8089","61","56","5.8"
"3041","63","53","5.5"
"3517","73","64","6.8"
"8529","85","76","7.9"
"7135","99","94","9.6"
"5862","48","40","4.2"
"4564","98","93","9.7"
"6362","96","89","9.2"
"5136","50","45","4.7"
"3415","89","82","8.5"
"4458","43","37","4.2"
"2880","68","61","6.5"
"3146","75","67","6.9"
"9677","91","82","8.6"
"9704","68","62","6.4"
"7285","77","72","7.6"
"3492","46","39","4.2"
"2792","68","62","6.7"
"5185","40","31","3.3"
"5423","43","35","3.8"
"7793","83","76","8.1"
"9145","59","50","5.4"
"3598","96","90","9.5"
"3206","63","53","5.7"
"4438","54","49","5.4"
"2101","70","61","6.6"
"9198","66","56","6.1"
"3662","56","46","4.9"
"3260","63","54","5.9"
"3978","86","78","8.2"
"6500","78","73","7.8"
"5605","40","32","3.5"
"9469","46","39","4.3"
"5842","96","90","9.5"
"6049","95","85","9"
"2398","71","65","6.9"
"5913","92","82","8.4"
"8793","70","62","6.5"
"4928","98","93","9.7"
"6338","44","39","4.3"
"5531","95","85","9"
"8257","49","41","4.3"
"4965","66","61","6.5"
"9383","65","56","5.8"
"7563","66","57","6.2"
"5317","52","44","4.8"
"9619","51","42","4.6"
"3847","50","45","4.7"
"4731","78","73","7.5"
"7382","49","41","4.5"
"8771","48","40","4.3"
"9705","72","62","6.6"
"5582","50","41","4.3"
"7768","70","61","6.5"
"4283","70","60","6.3"
"7089","60","54","5.6"
"9339","63","53","5.8"
"4321","99","90","9.4"
"4979","99","94","9.8"
"2808","51","41","4.3"
"7690","96","89","9.2"
"9932","47","41","4.6"
"7599","95","89","9.1"
"9177","91","82","8.5"
"4311","57","52","5.4"
"6664","75","69","7.3"
"9843","81","71","7.4"
"7425","59","49","5.3"
"8899","70","60","6.3"
"7864","79","73","7.6"
"2705","71","61","6.6"
"5026","90","83","8.5"
"7358","46","41","4.4"
"4448","70","63","6.8"
"3941","70","60","6.5"
"4167","46","37","3.9"
"8315","50","40","4.3"
"8180","46","38","4.3"
"2378","63","54","5.9"
"5879","46","37","3.9"
"6210","86","77","8"
"8118","54","48","5"
"5084","87","78","8.3"
"5432","57","51","5.4"
"5098","52","42","4.5"
"3478","49","40","4.2"
"9661","52","44","4.9"
"5608","68","63","6.5"
"9913","83","74","7.9"
"9457","70","65","6.9"
"9393","89","81","8.4"
"9130","99","94","9.6"
"7262","97","92","9.6"
"5401","69","60","6.5"
"7921","60","50","5.2"
"8007","67","59","6.2"
"6256","69","61","6.4"
"6607","95","90","9.4"
"6798","85","76","8"
"9781","77","67","7"
"8342","83","74","7.7"
"3927","86","81","8.6"
"7458","94","88","9.3"
"3862","45","38","4.2"
"5632","90","85","9"
"6973","56","50","5.2"
"3864","56","51","5.6"
"5967","80","73","7.8"
"3129","64","58","6.3"
"6743","92","83","8.6"
"3777","82","74","7.6"
"9068","82","72","7.5"
"8786","80","70","7.3"
"5457","80","75","8"
"5523","95","87","9.2"
"5218","62","53","5.8"
"9741","40","35","3.7"
"3545","46","39","4.2"
"4953","61","56","5.9"
"6326","44","38","4.2"
"4913","64","54","5.8"
"5100","65","60","6.3"
"9658","87","78","8.2"
"6348","75","70","7.3"
"6985","47","39","4.3"
"7531","47","39","4.4"
"7667","46","36","3.8"
"2765","66","59","6.4"
"5215","68","61","6.6"
"7495","62","55","6"
"6098","52","42","4.6"
"8946","65","57","6.1"
"5345","91","86","9"
"5502","86","78","8.1"
"8504","69","62","6.4"
"8660","66","61","6.3"
"6372","58","51","5.3"
"2495","96","90","9.4"
"3623","40","33","3.8"
"9684","43","36","3.9"
"4313","88","83","8.6"
"6247","52","44","4.8"
"9340","64","56","6.1"
"7419","43","34","3.8"
"9447","81","71","7.4"
"8637","48","38","4.1"
"2325","54","49","5.3"
"6522","66","60","6.4"
"9432","68","63","6.5"
"9967","96","87","9"
"8264","67","61","6.5"
"4821","71","65","6.7"
"2432","82","77","7.9"
"8233","40","33","3.7"
"3638","62","55","5.7"
"6070","52","42","4.5"
"5249","47","37","4.2"
"9873","80","70","7.5"
"7389","79","69","7.1"
"6061","90","84","8.6"
"3874","56","51","5.4"
"5525","94","88","9.1"
"9828","57","47","4.9"
"7499","74","67","7.1"
"5884","59","49","5.3"
"8791","63","53","5.6"
"4275","61","55","5.8"
"9791","50","41","4.6"
"6619","43","37","4.2"
"5965","87","80","8.3"
"8210","62","53","5.8"
"2277","89","81","8.5"
"9105","59","53","5.6"
"6787","58","49","5.2"
"9004","70","63","6.6"
"7507","66","61","6.3"
"4268","71","61","6.6"
"9931","94","88","9.3"
"5536","66","59","6.3"
"3568","52","43","4.6"
"7154","93","84","8.9"
"8194","68","58","6.2"
"6002","46","38","4.1"
"4536","65","58","6.1"
"4221","86","77","8"
"2361","77","72","7.4"
"2187","70","60","6.5"
"2085","75","67","7"
"5534","96","91","9.3"
"9992","91","86","9"
"8130","41","34","3.6"
"7573","72","67","6.9"
"7004","94","86","8.8"
"5126","65","58","6.2"
"6181","70","63","6.5"
"6257","59","52","5.7"
"8188","88","78","8.3"
"6010","77","68","7.2"
"7459","77","69","7.3"
"6532","84","78","8.2"
"5229","55","46","5"
"7539","97","88","9"
"5300","75","69","7.4"
"7794","80","73","7.5"
"4888","78","72","7.6"
"4993","75","70","7.3"
"4829","65","58","6"
"5430","52","45","4.8"
"9807","85","76","7.8"
"2723","68","61","6.6"
"4222","42","32","3.4"
"2448","91","83","8.8"
"8098","51","45","5"
"9659","56","48","5.1"
"2335","41","33","3.6"
"6900","89","81","8.3"
"4507","45","38","4"
"6335","54","44","4.6"
"7257","71","63","6.5"
"9928","97","89","9.3"
"7422","69","61","6.4"
"4493","45","37","4.2"
"2308","93","83","8.8"
"6854","53","45","5"
"5451","53","44","4.9"
"3420","68","59","6.1"
"3189","76","66","6.9"
"2031","90","85","9"
"4348","47","40","4.5"
"3799","42","33","3.7"
"8053","61","54","5.7"
"2255","50","43","4.8"
"2115","94","89","9.4"
"2136","42","32","3.7"
"2490","75","65","6.8"
"5956","77","71","7.4"
"5334","72","63","6.8"
"2555","54","44","4.9"
"8757","82","73","7.5"
"5551","95","86","8.9"
"4943","88","79","8.1"
"9874","47","37","4"
"7951","81","73","7.8"
"2185","91","84","8.8"
"7892","99","90","9.3"
"3232","53","44","4.9"
"2155","70","64","6.9"
"5369","91","82","8.4"
"2460","83","75","7.8"
"4084","58","49","5.2"
"3584","64","56","5.8"
"5370","84","76","8"
"8858","88","83","8.8"
"9964","98","91","9.6"
"6101","40","31","3.6"
"8991","51","42","4.5"
"9013","70","63","6.7"
"4970","70","65","6.7"
"4129","69","60","6.3"
"5114","80","75","7.9"
"4682","57","49","5.4"
"4050","73","64","6.7"
"3942","92","83","8.6"
"5310","47","38","4"
"3771","49","42","4.7"
"8445","56","47","5.1"
"4797","75","69","7.3"
"2166","71","64","6.7"
"3573","49","44","4.6"
"6710","82","77","8.1"
"5113","62","52","5.7"
"7595","63","56","6.1"
"5918","82","72","7.6"
"2749","50","45","4.8"
"3811","77","69","7.3"
"9128","94","86","9"
"9189","82","74","7.6"
"2590","66","59","6.1"
"9934","44","38","4.3"
"4145","78","68","7.1"
"9330","86","77","8"
"2419","68","58","6.1"
"3407","94","85","8.7"
"5062","95","90","9.2"
"9487","40","34","3.7"
"3266","86","77","8.1"
"7249","62","52","5.5"
"8931","56","49","5.2"
"7886","91","81","8.5"
"7933","80","70","7.5"
"5891","58","51","5.3"
"3699","58","48","5.2"
"6114","63","53","5.7"
"2631","86","78","8"
"9157","46","38","4.2"
"7356","65","58","6.3"
"2080","77","70","7.3"
"3822","89","81","8.6"
"3101","52","45","5"
"5744","86","78","8.2"
"6842","60","50","5.3"
"6238","54","44","4.8"
"2012","91","85","8.9"
"9054","89","79","8.2"
"4716","53","47","5.2"
"8527","98","91","9.4"
"9306","86","77","7.9"
"9222","86","79","8.4"
"6329","54","49","5.4"
"4844","54","44","4.6"
"6091","99","93","9.7"
"3759","69","59","6.2"
"2340","47","37","4"
"5397","42","32","3.6"
"2562","88","81","8.5"
"3450","66","59","6.2"
"9554","78","70","7.3"
"6237","55","50","5.4"
"9672","58","51","5.6"
"8341","65","57","6.1"
"8227","59","50","5.4"
"3660","72","67","7"
"5975","92","86","8.9"
"6271","89","82","8.7"
"2613","70","63","6.8"
"4611","93","84","8.6"
"5612","46","38","4.2"
"2223","77","67","7.2"
"9660","52","42","4.7"
"5722","50","40","4.2"
"5063","82","72","7.7"
"3480","83","78","8.1"
"8632","48","43","4.6"
"3721","47","40","4.5"
"3241","74","67","6.9"
"5636","61","56","6.1"
"9040","69","62","6.6"
"8773","67","57","5.9"
"9474","96","90","9.2"
"4451","95","89","9.1"
"5029","41","31","3.6"
"2592","87","78","8.1"
"7572","65","60","6.2"
"4220","82","73","7.8"
"4948","49","44","4.9"
"8577","68","63","6.7"
"8356","48","43","4.8"
"8536","40","31","3.6"
"4968","59","49","5.1"
"6914","49","44","4.9"
"6046","44","36","3.8"
"5838","68","60","6.4"
"8431","46","39","4.1"
"4073","45","40","4.3"
"2846","77","67","7"
"5214","89","84","8.9"
"5548","65","59","6.3"
"7176","69","63","6.6"
"5290","77","71","7.5"
"3033","41","32","3.6"
"7517","76","70","7.4"
"3032","82","75","7.7"
"9284","93","88","9.2"
"6515","75","67","7.2"
"8568","66","57","5.9"
"2696","47","42","4.4"
"5574","65","55","5.9"
"4667","92","85","9"
"8497","74","67","6.9"
"5075","60","51","5.4"
"6249","94","89","9.1"
"8466","52","47","5.1"
"6355","64","59","6.2"
"2960","82","73","7.7"
"3416","53","44","4.9"
"7629","91","82","8.4"
"4674","77","70","7.4"
"2202","47","42","4.6"
"9251","64","54","5.9"
"7445","85","77","8"
"6800","51","45","4.7"
"6262","54","47","5.1"
"6703","60","55","6"
"8672","58","49","5.3"
"6620","40","31","3.3"
"6879","57","51","5.6"
"6828","87","80","8.3"
"8377","76","68","7"
"8383","59","50","5.3"
"5019","72","66","6.8"
"8254","63","53","5.6"
"2540","84","77","8"
"7384","47","42","4.4"
"7702","60","52","5.5"
"6031","41","31","3.6"
"3216","76","67","6.9"
"9985","77","67","6.9"
"2962","65","57","6.1"
"8004","73","68","7.2"
"4226","82","74","7.9"
"4234","63","56","6.1"
"6972","86","76","7.8"
"5552","95","89","9.1"
"5452","82","73","7.8"
"2450","68","60","6.2"
"5302","87","82","8.6"
"6856","76","69","7.3"
"3300","71","64","6.8"
"7056","63","57","5.9"
"8567","71","65","7"
"4124","43","38","4.3"
"3527","55","45","4.9"
"8153","52","42","4.4"
"2842","89","83","8.5"
"9793","50","44","4.6"
"5093","78","73","7.8"
"6164","60","52","5.7"
"2406","55","46","4.8"
"6671","51","44","4.8"
"7799","43","36","4"
"9031","65","60","6.4"
"4336","67","60","6.2"
"3345","68","60","6.4"
"9723","61","52","5.5"
"7426","57","52","5.4"
"4784","90","81","8.6"
"5710","65","58","6.1"
"2800","87","79","8.4"
"8376","81","72","7.6"
"5519","50","40","4.5"
"3386","72","67","7.1"
"7994","62","57","6"
"6075","99","89","9.1"
"8822","83","76","7.8"
"6041","46","41","4.5"
"3618","99","90","9.5"
"4698","50","41","4.4"
"2988","96","89","9.4"
"6433","80","75","7.7"
"3292","49","39","4.3"
"7258","83","73","7.7"
"8950","76","67","7.2"
"8294","65","57","5.9"
"4203","90","82","8.7"
"6949","81","72","7.5"
"7802","62","53","5.7"
"9088","45","38","4.1"
"4669","63","56","5.8"
"7323","89","81","8.6"
"3610","85","79","8.3"
"8358","93","85","8.7"
"2542","48","40","4.2"
"4743","48","38","4.3"
"4519","56","47","5.2"
"3860","86","79","8.1"
"7897","90","81","8.4"
"5729","52","46","4.9"
"7061","61","53","5.8"
"8594","60","50","5.2"
"6022","63","56","6.1"
"8396","46","39","4.4"
"7215","73","66","6.9"
"2860","65","57","6.2"
"6290","69","59","6.1"
"4262","45","40","4.3"
"2397","99","89","9.1"
"5547","54","47","5"
"5476","69","62","6.4"
"8739","84","78","8"
"8259","74","64","6.8"
"4229","77","69","7.2"
"3031","72","67","7.2"
"8495","65","57","6"
"5316","68","61","6.5"
"9583","97","87","8.9"
"3533","77","72","7.5"
"2066","42","36","4.1"
"2852","88","82","8.4"
"4927","42","33","3.6"
"4677","72","67","7.2"
"5681","60","53","5.5"
"5441","65","59","6.1"
"8088","85","75","7.7"
"7900","88","80","8.2"
"6505","93","85","8.8"
"3423","62","55","5.9"
"5467","74","69","7.4"
"8474","93","86","9.1"
"9895","62","54","5.9"
"3832","57","47","5.2"
"9679","95","87","9.2"
"6190","72","65","6.7"
"6447","55","48","5.1"
"3673","62","54","5.8"
"2700","55","49","5.1"
"4413","67","60","6.3"
"8763","81","74","7.7"
"2128","76","70","7.5"
"5105","41","32","3.5"
"6162","43","33","3.5"
"8683","42","34","3.7"
"9348","94","85","9"
"7910","48","43","4.8"
"6929","78","73","7.8"
"9779","87","80","8.5"
"5570","84","76","7.8"
"9221","83","75","7.9"
"7015","85","80","8.4"
"6144","85","79","8.3"
"9730","45","36","3.8"
"7779","91","82","8.7"
"2069","80","75","8"
"5085","93","88","9.2"
"9491","41","36","4"
"3314","95","90","9.2"
"3700","48","39","4.3"
"5515","96","86","9"
"9302","42","32","3.7"
"7506","67","60","6.5"
"9777","90","83","8.5"
"4122","72","64","6.9"
"8967","95","87","9.2"
"6284","43","34","3.8"
"3366","65","55","5.8"
"8571","98","88","9.1"
"6090","55","45","5"
"8879","43","37","4"
"3582","96","89","9.1"
"7379","75","69","7.4"
"2345","48","41","4.6"
"5335","70","61","6.4"
"2126","73","67","7.1"
"9952","62","54","5.6"
"6480","50","42","4.5"
"6141","49","44","4.8"
"5737","57","52","5.7"
"4553","95","88","9.1"
"8309","49","43","4.7"
"3088","72","62","6.4"
"9595","99","90","9.3"
"4754","76","66","7"
"3371","59","49","5.1"
"8523","86","81","8.5"
"2656","51","44","4.8"
"4744","53","43","4.6"
"8610","44","36","4.1"
"9898","57","48","5.1"
"7439","82","75","8"
"8213","98","90","9.4"
"7410","73","68","7.3"
"6750","81","72","7.6"
"2863","76","70","7.4"
"9745","52","43","4.6"
"4552","41","36","4"
"2321","42","36","3.9"
"2638","74","67","7.2"
"2832","67","61","6.6"
"8548","91","85","9"
"5363","65","57","6.2"
"8663","40","35","4"
"9176","47","42","4.7"
"4072","95","90","9.5"
"4496","40","31","3.6"
"8862","72","64","6.6"
"2694","42","34","3.6"
"9320","51","44","4.7"
"7721","64","55","5.8"
"8025","64","57","6.1"
"9183","45","37","4"
"8748","74","67","7"
"4295","87","79","8.3"
"2248","56","48","5"
"5683","59","50","5.5"
"6439","71","63","6.6"
"7217","41","34","3.7"
"9408","72","66","6.8"
"2945","65","59","6.1"
"4006","76","68","7.2"
"4590","51","45","4.8"
"4734","85","79","8.3"
"2856","40","30","3.4"
"2937","59","51","5.5"
"8913","58","50","5.5"
"9616","61","56","6"
"8056","42","33","3.8"
"8873","83","75","8"
"4386","60","50","5.5"
"7582","87","77","8.1"
"9688","98","92","9.7"
"9696","45","38","4.3"
"7478","67","58","6.1"
"8592","46","40","4.4"
"3627","41","35","3.8"
"3907","57","49","5.2"
"9572","92","87","9.1"
"7320","83","78","8.2"
"5997","49","44","4.8"
"4232","93","86","9"
"2655","85","76","7.8"
"8409","63","54","5.7"
"4449","57","47","5.1"
"6765","56","47","5.2"
"7003","52","47","5.2"
"9225","82","74","7.6"
"5206","60","53","5.7"
"2787","91","85","8.8"
"5538","84","74","7.6"
"3140","55","46","4.8"
"8230","85","75","8"
"3010","50","43","4.7"
"8622","59","52","5.6"
"4411","72","63","6.5"
"8289","61","54","5.7"
"2134","67","61","6.4"
"4699","96","87","8.9"
"6869","88","79","8.4"
"6992","52","43","4.6"
"4827","56","49","5.2"
"3504","54","48","5.2"
"5982","48","42","4.6"
"6145","87","78","8.3"
"9426","57","52","5.4"
"6661","66","59","6.2"
"6264","64","56","5.9"
"2782","95","89","9.2"
"4796","48","41","4.5"
"3566","88","81","8.6"
"4604","53","45","4.8"
"4879","55","47","5"
"7347","58","49","5.2"
"4742","77","70","7.5"
"6803","86","78","8"
"8288","58","49","5.2"
"6987","88","83","8.5"
"3890","40","33","3.8"
"5953","84","79","8.3"
"5171","57","48","5"
"5757","42","36","3.8"
"9717","92","84","8.6"
"9601","73","65","6.7"
"3812","76","66","6.8"
"7101","55","45","4.9"
"9995","56","46","4.8"
"6381","55","49","5.3"
"8602","53","45","4.8"
"9149","81","73","7.5"
"2578","58","49","5.3"
"7021","67","58","6"
"2636","42","35","4"
"7904","73","67","7.1"
"5411","51","43","4.7"
"2036","98","89","9.2"
"8131","59","54","5.9"
"5776","64","57","6.2"
"9205","78","71","7.5"
"8802","88","78","8.3"
"6984","58","50","5.2"
"6051","40","33","3.6"
"6379","88","81","8.5"
"3383","79","72","7.7"
"5750","92","82","8.5"
"9169","61","52","5.6"
"4739","74","64","6.9"
"7639","93","86","9"
"2366","52","45","4.8"
"8149","43","37","4.2"
"2797","89","80","8.2"
"3184","90","84","8.8"
"5031","56","50","5.4"
"4375","79","74","7.7"
"5361","46","40","4.5"
"9576","73","65","6.8"
"8829","67","59","6.4"
"3686","91","83","8.8"
"2205","77","68","7"
"2982","73","63","6.8"
"9085","53","47","5.1"
"6426","93","86","9"
"4250","48","39","4.1"
"9120","53","44","4.6"
"8270","55","50","5.2"
"6812","64","54","5.7"
"2975","68","58","6.1"
"3030","80","74","7.7"
"2363","83","73","7.6"
"9810","94","86","9"
"5854","49","43","4.8"
"4197","61","56","6"
"8796","70","62","6.6"
"5591","46","36","4.1"
"5139","72","64","6.6"
"7205","59","52","5.4"
"9759","81","73","7.7"
"4455","58","48","5.3"
"7412","74","67","6.9"
"9971","76","66","6.8"
"9770","51","43","4.6"
"8375","53","48","5"
"6069","56","48","5.1"
"5626","93","84","8.8"
"8133","78","73","7.7"
"3736","73","68","7.3"
"8933","85","75","7.7"
"9143","56","48","5.2"
"6035","93","86","9"
"7231","55","46","4.9"
"3614","80","74","7.7"
"4989","74","65","6.7"
"8091","49","42","4.5"
"5545","58","51","5.5"
"8837","86","81","8.5"
"2457","72","62","6.5"
"7273","44","36","4"
"4714","57","50","5.5"
"4442","66","60","6.5"
"5866","46","39","4.3"
"5964","79","69","7.3"
"9876","48","41","4.5"
"8774","86","77","7.9"
"3021","88","79","8.2"
"8898","63","53","5.5"
"2922","64","58","6"
"7244","90","83","8.5"
"3537","93","84","8.6"
"5645","46","38","4"
"9863","64","56","6.1"
"5143","93","85","8.8"
"2106","54","48","5.1"
"7431","64","54","5.9"
"8186","95","89","9.3"
"2789","53","43","4.7"
"3556","75","67","7"
"3367","56","46","5.1"
"2498","80","74","7.7"
"5711","81","71","7.5"
"9199","50","43","4.6"
"4867","94","85","8.7"
"8821","93","84","8.9"
"2095","71","65","6.9"
"8426","91","81","8.4"
"9561","77","69","7.3"
"2864","48","38","4"
"3564","47","41","4.6"
"5900","87","81","8.3"
"2267","83","73","7.8"
"4614","89","82","8.4"
"6277","52","44","4.7"
"5927","48","43","4.6"
"2965","42","32","3.4"
"4816","96","91","9.3"
"4093","72","65","6.9"
"2391","80","75","7.9"
"5789","64","56","5.8"
"5145","40","35","4"
"6393","90","81","8.4"
"9734","86","77","8.2"
"4230","68","58","6.3"
"2119","79","73","7.5"
"4060","89","79","8.1"
"4810","70","60","6.5"
"7451","67","59","6.3"
"5353","79","70","7.4"
"3256","64","57","6.1"
"7908","72","67","6.9"
"6194","45","36","3.9"
"9634","89","80","8.3"
"2131","43","37","4"
"8331","62","57","6"
"4165","96","90","9.5"
"9325","86","80","8.3"
"5713","87","81","8.4"
"2714","68","59","6.3"
"5293","97","92","9.4"
"9676","61","56","6.1"
"4887","63","53","5.7"
"2466","43","35","3.7"
"4170","59","52","5.7"
"6021","57","50","5.3"
"2989","51","46","4.8"
"3929","94","84","8.8"
"7919","74","64","6.9"
"2309","44","37","3.9"
"8067","64","57","5.9"
"2671","82","77","8.1"
"2942","62","56","6.1"
"3327","90","84","8.8"
"8859","91","82","8.4"
"8003","82","75","7.7"
"5990","85","80","8.4"
"6016","53","44","4.7"
"4041","81","74","7.7"
"8977","70","65","7"
"7579","73","68","7.3"
"5133","46","40","4.3"
"4421","87","79","8.2"
"3310","71","66","6.8"
"5463","66","56","6"
"3609","67","59","6.3"
"3192","57","49","5.2"
"6795","75","70","7.2"
"3092","81","75","8"
"6000","41","32","3.7"
"8856","59","49","5.4"
"8803","74","64","6.8"
"7515","55","46","4.8"
"2541","61","55","5.8"
"8436","84","74","7.9"
"9794","54","48","5.2"
"4740","42","37","3.9"
"7696","75","67","6.9"
"5230","94","88","9"
"2456","75","65","6.8"
"8669","61","55","5.7"
"7087","49","39","4.2"
"6474","44","35","3.9"
"8456","56","46","5.1"
"8083","80","74","7.8"
"8623","74","68","7.3"
"7054","68","58","6.1"
"2112","73","65","6.7"
"9311","73","63","6.7"
"6586","72","66","6.9"
"8462","78","72","7.4"
"5581","53","48","5.1"
"7979","67","58","6.3"
"8690","73","68","7.2"
"6275","42","32","3.7"
"7436","56","49","5.2"
"5203","61","52","5.5"
"6423","99","90","9.4"
"2967","92","83","8.5"
"7551","65","59","6.3"
"9667","57","47","5.2"
"8420","87","77","8.2"
"8029","41","34","3.8"
"2197","69","61","6.3"
"3846","80","70","7.5"
"4279","68","63","6.8"
"9173","47","38","4.3"
"8059","79","69","7.3"
"4880","83","76","7.9"
"2133","95","87","9"
"4057","70","60","6.2"
"5268","67","57","6.1"
"5342","92","87","9.2"
"4361","84","76","8.1"
"3885","81","71","7.5"
"9188","76","68","7.1"
"2123","43","34","3.8"
"7339","43","34","3.7"
"9755","85","76","7.8"
"8119","41","33","3.8"
"9191","77","72","7.5"
"2766","51","43","4.7"
"4365","72","66","6.9"
"8247","82","76","7.9"
"3649","91","86","8.9"
"8595","49","44","4.6"
"7869","93","84","8.6"
"4723","51","45","4.9"
"2257","90","83","8.6"
"2810","40","31","3.4"
"3017","89","79","8.3"
"9743","87","82","8.7"
"9344","90","82","8.6"
"7720","59","53","5.7"
"6065","61","53","5.7"
"7832","41","36","3.8"
"9805","42","34","3.9"
"7870","76","66","6.9"
"7976","46","36","3.9"
"8599","79","70","7.5"
"4331","52","46","4.9"
"4870","79","70","7.5"
"3346","91","82","8.5"
"8021","90","84","8.9"
"6738","97","92","9.5"
"6974","92","83","8.7"
"5554","91","83","8.5"
"3353","86","81","8.6"
"5037","80","74","7.7"
"5863","41","31","3.3"
"3104","44","34","3.8"
"2870","82","76","8"
"9248","83","74","7.7"
"9532","70","60","6.4"
"3155","75","69","7.3"
"3831","56","50","5.2"
"6621","79","69","7.1"
"7281","77","70","7.2"
"6835","40","30","3.2"
"2111","68","61","6.6"
"9043","74","65","6.9"
"9083","64","58","6.3"
"9106","72","64","6.9"
"8755","69","63","6.8"
"4857","63","57","5.9"
"6676","48","38","4"
"2430","57","48","5.1"
"8902","65","60","6.2"
"2897","51","42","4.6"
"6988","82","72","7.7"
"5769","56","47","4.9"
"2424","69","62","6.6"
"2323","97","91","9.6"
"9422","58","49","5.1"
"3595","82","77","8.2"
"2227","45","40","4.2"
"5355","41","31","3.5"
"2925","80","74","7.6"
"9391","47","40","4.3"
"4766","41","35","3.8"
"5023","45","39","4.4"
"9814","69","62","6.7"
"3250","69","59","6.4"
"5830","98","88","9.2"
"2310","81","74","7.6"
"8880","73","64","6.6"
"7145","86","79","8.2"
"4896","44","35","4"
"4703","76","71","7.6"
"3124","67","59","6.4"
"9831","90","85","9"
"6888","99","90","9.4"
"4565","64","56","6.1"
"8923","69","64","6.9"
"6339","88","82","8.7"
"4619","51","46","4.8"
"3330","66","58","6.3"
"3131","54","48","5.1"
"2997","57","48","5.1"
"9878","66","59","6.4"
"2675","62","56","5.8"
"9593","93","85","9"
"6704","80","73","7.7"
"7150","53","48","5"
"3535","63","58","6.2"
"4503","61","52","5.4"
"2605","79","73","7.5"
"8981","76","71","7.5"
"5221","92","87","9.2"
"9321","76","70","7.3"
"3485","61","51","5.6"
"9862","74","65","6.7"
"4538","76","67","7"
"8613","91","84","8.6"
"9147","72","67","6.9"
"4366","86","81","8.4"
"4177","93","87","8.9"
"5176","68","62","6.4"
"6123","70","64","6.9"
"3299","40","30","3.2"
"5362","52","43","4.6"
"3603","63","56","6.1"
"8649","90","83","8.8"
"8199","92","85","8.7"
"4789","84","76","7.9"
"7680","45","39","4.4"
"9492","97","89","9.3"
"8867","50","43","4.6"
"3369","64","54","5.6"
"8069","68","60","6.3"
"2238","42","32","3.5"
"8872","66","57","5.9"
"2878","80","73","7.8"
"7740","42","35","3.7"
"5823","87","82","8.4"
"7122","55","49","5.1"
"7082","85","78","8"
"4914","62","56","6"
"6131","58","50","5.5"
"3493","43","36","3.8"
"9213","92","83","8.5"
"9915","55","46","4.8"
"8723","64","59","6.2"
"9681","84","74","7.6"
"8732","51","43","4.6"
"8418","88","79","8.2"
"8146","44","35","3.8"
"7370","95","89","9.1"
"3465","82","72","7.5"
"6751","40","33","3.8"
"8033","71","64","6.7"
"7874","81","71","7.6"
"3956","49","44","4.7"
"5694","69","62","6.7"
"7982","47","41","4.3"
"4898","88","78","8.2"
"2697","49","40","4.5"
"7483","98","91","9.4"
"2184","55","49","5.3"
"5491","89","79","8.4"
"6970","68","63","6.5"
"2148","56","47","5.2"
"5851","77","68","7"
"3410","47","41","4.5"
"6995","40","35","3.7"
"7116","89","81","8.5"
"6695","81","74","7.9"
"6891","41","31","3.4"
"3488","55","48","5.1"
"2005","99","92","9.4"
"9244","92","82","8.6"
"5660","49","40","4.4"
"9612","95","90","9.5"
"5470","57","52","5.5"
"9229","63","58","6"
"6302","82","75","7.7"
"6146","57","51","5.6"
"6048","91","85","9"
"6754","84","76","8.1"
"4548","44","35","3.9"
"8543","54","46","4.9"
"8654","87","82","8.7"
"8256","53","45","4.7"
"9939","55","48","5"
"5191","88","79","8.3"
"7209","53","45","4.9"
"4161","82","74","7.8"
"8179","69","63","6.8"
"9442","95","90","9.5"
"9797","98","91","9.4"
"9034","84","74","7.8"
"9669","79","73","7.7"
"3245","84","79","8.4"
"4859","55","48","5.1"
"9977","46","36","4.1"
"6096","68","60","6.3"
"6821","81","72","7.6"
"4081","57","47","5"
"4155","61","55","5.9"
"5089","61","53","5.7"
"5285","60","52","5.4"
"6614","43","36","4.1"
"6547","52","42","4.6"
"8232","56","47","5.1"
"4805","83","75","7.7"
"6649","96","89","9.1"
"3725","78","72","7.5"
"9329","41","32","3.7"
"3902","76","68","7.3"
"4854","69","63","6.6"
"6263","83","78","8.1"
"8540","97","91","9.6"
"3317","69","64","6.8"
"3720","90","83","8.5"
"5950","59","49","5.3"
"5456","59","53","5.7"
"2236","93","88","9.2"
"9897","63","58","6.3"
"9747","64","56","5.8"
"5630","55","50","5.4"
"5333","77","72","7.6"
"2360","80","70","7.3"
"5655","57","49","5.3"
"3442","46","41","4.5"
"7789","50","41","4.3"
"7172","43","35","4"
"8469","96","90","9.3"
"4027","91","81","8.3"
"8578","83","73","7.6"
"9314","85","78","8.2"
"3231","95","88","9.1"
"6411","97","91","9.3"
"4087","56","46","4.9"
"8638","83","75","7.8"
"4445","95","85","9"
"8598","52","47","5.2"
"9275","65","57","6.1"
"4823","45","37","3.9"
"5561","42","34","3.7"
"3048","63","54","5.9"
"5567","58","48","5.3"
"4593","41","32","3.5"
"5483","95","89","9.3"
"7775","43","36","3.9"
"3122","51","45","4.9"
"9910","73","65","6.9"
"4484","55","49","5.4"
"6300","66","57","6.2"
"6223","62","55","5.8"
"7170","70","60","6.2"
"5429","97","90","9.4"
"7343","55","46","4.9"
"9095","84","77","8.1"
"4223","99","91","9.5"
"2746","68","59","6.4"
"8565","44","37","4.2"
"2972","88","78","8.2"
"8877","87","78","8.1"
"3739","88","81","8.6"
"3695","44","36","4.1"
"7990","51","41","4.6"
"4482","47","39","4.3"
"9587","47","37","3.9"
"8817","63","56","5.8"
"9243","66","60","6.2"
"5961","51","41","4.5"
"6092","57","49","5.4"
"2936","79","70","7.5"
"5885","46","41","4.3"
"2837","68","58","6"
"7391","78","72","7.6"
"4209","83","73","7.8"
"7084","73","64","6.9"
"8030","42","36","3.8"
"2390","78","73","7.7"
"7073","65","59","6.3"
"7045","90","84","8.8"
"8279","45","39","4.2"
"2314","87","79","8.3"
"7998","90","84","8.6"
"6557","58","50","5.5"
"7831","71","62","6.5"
"9795","54","46","4.8"
"3150","41","31","3.4"
"5643","95","88","9.2"
"4684","55","49","5.4"
"5426","67","60","6.2"
"5921","43","33","3.7"
"3449","43","34","3.6"
"4287","76","66","6.8"
"8782","56","51","5.6"
"9354","61","55","5.9"
"4316","43","33","3.7"
"5517","77","70","7.4"
"9800","80","72","7.4"
"3589","63","56","6.1"
"6669","96","88","9"
"5158","62","54","5.8"
"9753","53","46","4.8"
"3116","71","66","6.9"
"8236","59","53","5.5"
"7569","51","43","4.7"
"5733","61","52","5.5"
"4768","91","84","8.6"
"6886","51","43","4.5"
"3531","62","52","5.7"
"3061","89","81","8.3"
"7785","42","36","3.8"
"8048","91","86","8.8"
"5410","92","84","8.6"
"3238","77","68","7.1"
"7952","58","49","5.3"
"9854","77","69","7.2"
"5140","80","71","7.3"
"7094","98","90","9.5"
"5496","41","31","3.6"
"7685","56","50","5.4"
"7821","95","85","8.9"
"5012","96","86","9.1"
"7945","96","89","9.4"
"5273","42","35","4"
"7039","65","56","5.8"
"5438","94","84","8.7"
"2261","98","93","9.6"
"3552","62","55","5.7"
"3605","70","60","6.4"
"2171","76","66","6.8"
"4626","77","71","7.4"
"8195","80","71","7.5"
"2995","57","47","5.2"
"2011","66","56","5.8"
"4422","44","34","3.9"
"5041","71","65","6.7"
"4852","50","43","4.8"
"8697","58","50","5.4"
"8551","85","75","7.8"
"3433","96","89","9.3"
"3486","85","80","8.4"
"8573","98","89","9.1"
"7570","61","55","6"
"5417","65","59","6.3"
"2953","57","50","5.4"
"3712","58","51","5.4"
"3622","43","38","4.1"
"3896","64","55","5.8"
"5439","44","36","4"
"2296","45","36","4"
"2097","81","73","7.7"
"7786","58","49","5.2"
"5416","56","47","5.2"
"8458","53","45","5"
"3987","97","88","9"
"8728","61","54","5.9"
"7782","74","65","6.9"
"8787","89","80","8.3"
"7989","69","63","6.7"
"6324","86","76","8"
"5792","92","87","9.2"
"9480","57","51","5.4"
"7566","94","88","9.2"
"9218","42","33","3.5"
"6205","79","69","7.3"
"7494","77","71","7.5"
"9816","54","45","4.9"
"4609","98","88","9"
"4130","99","92","9.7"
"7322","46","36","4"
"9832","82","77","8.1"
"7922","91","86","8.8"
"2447","83","76","8"
"4074","71","64","6.8"
"2561","48","43","4.6"
"8903","70","62","6.4"
"7592","60","51","5.4"
"3466","96","86","9"
"8013","58","49","5.2"
"7213","54","45","4.9"
"2159","44","37","4"
"7152","49","42","4.4"
"5878","55","50","5.4"
"3097","76","68","7.2"
"8494","92","86","9.1"
"8834","42","36","4"
"9396","76","69","7.4"
"5723","94","87","9.2"
"6612","93","88","9"
"5318","94","87","9"
"3428","63","57","6"
"5540","75","67","7.1"
"2410","87","80","8.4"
"6527","54","45","4.8"
"2886","42","32","3.4"
"3298","53","44","4.6"
"3109","97","89","9.3"
"3044","55","50","5.5"
"4563","59","49","5.4"
"4434","99","94","9.9"
"4530","70","60","6.4"
"5763","50","43","4.8"
"5844","99","90","9.3"
"7941","83","77","8.1"
"6981","66","57","6.2"
"9324","81","72","7.5"
"2073","73","63","6.8"
"8524","95","87","8.9"
"6174","61","56","5.9"
"9653","82","76","7.9"
"2295","40","34","3.7"
"5767","67","61","6.4"
"3201","88","80","8.5"
"5979","98","90","9.4"
"9716","48","42","4.6"
"9313","95","88","9.3"
"7974","56","47","5.2"
"2348","79","72","7.7"
"7890","48","39","4.4"
"2438","97","89","9.3"
"7192","72","66","7"
"6113","73","65","6.7"
"3342","80","72","7.7"
"4109","56","49","5.4"
"6539","79","72","7.6"
"4862","77","70","7.5"
"9969","69","63","6.8"
"9220","47","41","4.4"
"6127","68","59","6.4"
"6628","72","66","7.1"
"4359","86","81","8.6"
"3501","74","68","7.1"
"2320","94","87","8.9"
"2429","94","87","8.9"
"9402","95","88","9.3"
"3226","97","90","9.3"
"9334","91","84","8.8"
"9838","41","32","3.4"
"7547","71","61","6.4"
"5008","73","65","7"
"2127","92","85","8.7"
"9999","90","82","8.7"
"7171","74","66","6.9"
"3307","84","79","8.1"
"8237","73","63","6.5"
"8628","91","84","8.8"
"8511","74","65","6.7"
"4707","69","63","6.7"
"8561","51","43","4.8"
"4091","90","85","9"
"2549","55","46","5"
"7147","80","73","7.6"
"6533","62","56","6"
"4847","56","51","5.3"
"9379","75","65","6.9"
"9538","57","50","5.4"
"7018","44","36","4.1"
"5060","78","68","7.1"
"9691","79","72","7.6"
"4688","53","46","4.9"
"3275","83","77","8.1"
"3019","75","65","6.9"
"8441","41","31","3.3"
"6631","82","75","7.8"
"7527","77","71","7.4"
"8297","48","42","4.7"
"9722","69","59","6.3"
"7576","79","69","7.4"
"6430","70","63","6.6"
"8301","63","55","6"
"4231","78","73","7.5"
"6337","84","76","8"
"6345","57","48","5.3"
"3951","61","55","5.9"
"2956","94","88","9.3"
"4317","66","56","6.1"
"4058","66","59","6.2"
"9445","92","83","8.8"
"9990","75","68","7.1"
"9123","87","80","8.4"
"5835","54","46","4.8"
"4107","96","91","9.4"
"8963","94","84","8.7"
"6569","67","57","5.9"
"8819","80","74","7.9"
"3360","98","92","9.6"
"8229","88","81","8.5"
"4908","78","68","7.3"
"8251","60","51","5.5"
"5714","49","44","4.8"
"5848","63","55","6"
"9097","60","51","5.5"
"8737","43","35","3.8"
"3867","47","38","4.2"
"9790","93","86","9.1"
"2427","49","43","4.6"
"5281","76","69","7.1"
"5518","88","82","8.6"
"3220","78","69","7.4"
"8857","80","73","7.6"
"2337","56","51","5.4"
"6084","77","67","7.1"
"3312","88","80","8.4"
"8282","42","32","3.7"
"3042","49","41","4.6"
"7316","41","34","3.7"
"6407","94","88","9.2"
"6712","93","85","8.8"
"8043","75","68","7"
"3964","99","89","9.1"
"8710","70","65","6.7"
"4479","98","92","9.4"
"7868","77","67","6.9"
"5978","56","48","5.1"
"4809","69","59","6.2"
"2251","81","76","7.9"
"6792","49","39","4.2"
"7914","55","47","5"
"8330","97","88","9"
"8743","62","57","5.9"
"8220","54","44","4.6"
"3541","61","55","5.7"
"5082","50","40","4.2"
"5752","42","35","3.7"
"9237","95","89","9.4"
"5528","41","34","3.9"
"6032","89","81","8.5"
"9098","79","74","7.8"
"7630","57","52","5.4"
"5820","77","68","7.1"
"6691","62","56","6"
"8616","71","66","7"
"3818","56","47","5"
"5815","67","58","6.3"
"5265","73","65","6.9"
"3666","40","33","3.6"
"7060","97","87","9.1"
"5462","86","81","8.4"
"9756","45","40","4.4"
"9692","69","59","6.3"
"2024","51","42","4.7"
"5761","55","48","5.1"
"9271","93","87","8.9"
"7711","88","82","8.5"
"4982","74","69","7.4"
"2993","90","84","8.9"
"7920","64","56","6.1"
"4710","51","42","4.4"
"5184","50","43","4.6"
"7303","67","61","6.3"
"3993","62","52","5.5"
"6450","41","34","3.7"
"8442","61","56","6"
"4622","95","89","9.3"
"4202","57","47","4.9"
"5323","57","49","5.4"
"4163","46","41","4.5"
"2957","67","57","6"
"8944","40","33","3.6"
"8362","44","35","3.9"
"3440","47","42","4.7"
"9566","59","49","5.4"
"2662","81","73","7.6"
"6116","53","46","5.1"
"2501","74","64","6.6"
"4781","66","61","6.4"
"7839","41","33","3.8"
"5803","68","59","6.1"
"3185","85","79","8.1"
"8738","66","61","6.4"
"2802","75","69","7.1"
"9788","93","85","8.7"
"2732","81","76","8"
"6818","76","66","6.8"
"2383","87","82","8.4"
"4265","87","81","8.6"
"8192","84","77","8"
"5392","65","58","6.3"
"3576","99","92","9.4"
"2047","99","90","9.5"
"3324","67","57","5.9"
"6882","78","73","7.8"
"8832","73","63","6.5"
"4146","72","67","7.1"
"7872","87","82","8.4"
"8243","40","35","4"
"6273","45","36","3.8"
"6059","53","44","4.8"
"2513","80","75","7.9"
"5564","48","40","4.4"
"4166","82","75","8"
"4467","56","49","5.4"
"7516","56","46","5"
"7767","94","87","9.1"
"8916","75","70","7.4"
"6349","71","64","6.6"
"5762","67","61","6.5"
"6624","78","71","7.6"
"8835","42","36","3.9"
"2859","82","76","7.8"
"7344","85","78","8.3"
"5306","83","78","8"
"6654","68","63","6.8"
"8212","73","64","6.8"
"6755","54","47","5"
"3475","53","48","5.1"
"6639","74","68","7.3"
"9289","92","83","8.8"
"6167","56","48","5.2"
"3194","68","59","6.2"
"3510","52","44","4.8"
"5623","61","52","5.6"
"9881","56","51","5.3"
"6384","82","72","7.7"
"7133","68","60","6.2"
"6424","72","66","6.8"
"4915","72","62","6.4"
"6908","70","65","6.9"
"6920","44","34","3.7"
"6291","90","81","8.3"
"4392","91","85","8.9"
"6594","53","44","4.9"
"9911","91","85","9"
"9673","45","40","4.2"
"6155","59","49","5.1"
"8925","70","65","7"
"8653","68","60","6.3"
"4199","83","78","8"
"6723","50","45","4.9"
"2548","72","64","6.7"
"7700","52","42","4.4"
"7363","91","83","8.7"
"7167","96","88","9"
"5586","44","37","4"
"6296","43","33","3.7"
"6790","90","80","8.5"
"3053","55","47","5.2"
"7905","69","59","6.4"
"4658","42","33","3.5"
"9885","51","45","5"
"8759","42","34","3.6"
"2254","66","60","6.2"
"2648","68","62","6.5"
"8932","50","42","4.5"
"9614","81","72","7.5"
"5955","82","74","7.8"
"4645","71","61","6.4"
"8534","96","86","9"
"2569","97","91","9.3"
"4282","53","44","4.8"
"4811","99","94","9.8"
"9645","70","62","6.5"
"8909","53","43","4.6"
"4763","43","38","4"
"6371","83","73","7.5"
"9290","83","73","7.5"
"5568","90","82","8.5"
"3961","50","45","4.7"
"7662","54","45","4.9"
"8741","82","75","7.9"
"3223","54","47","5"
"7338","95","89","9.3"
"3878","46","39","4.4"
"3800","72","65","7"
"6625","86","77","8.2"
"5589","94","85","8.9"
"4324","45","35","3.8"
"2659","40","31","3.6"
"7099","53","44","4.8"
"6521","81","71","7.5"
"7251","65","59","6.4"
"4843","92","83","8.7"
"4031","93","83","8.8"
"7210","60","51","5.5"
"2207","46","36","4.1"
"7345","77","68","7"
"7686","67","60","6.3"
"5780","49","41","4.4"
"4691","58","50","5.4"
"9651","61","52","5.4"
"4540","87","81","8.4"
"3851","61","56","5.9"
"8514","69","64","6.9"
"6425","45","38","4.2"
"6901","42","32","3.5"
"3830","93","83","8.7"
"3405","83","73","7.8"
"4589","50","45","5"
"7040","89","79","8.4"
"8627","57","50","5.4"
"8402","41","31","3.5"
"9941","67","59","6.1"
"4750","78","68","7.2"
"9739","90","81","8.5"
"4755","80","71","7.5"
"4635","58","53","5.5"
"8900","78","68","7.3"
"6652","72","66","6.9"
"2400","78","73","7.8"
"5816","67","60","6.5"
"2649","87","81","8.5"
"6685","61","51","5.5"
"2529","77","69","7.4"
"7348","55","45","5"
"4441","80","70","7.2"
"2616","67","59","6.1"
"7848","61","53","5.8"
"4787","97","89","9.2"
"5867","56","46","4.9"
"3909","58","51","5.6"
"3221","43","36","4"
"8159","75","69","7.2"
"6367","62","57","6.1"
"9153","40","34","3.9"
"3402","68","61","6.6"
"6850","71","64","6.6"
"5893","44","39","4.4"
"4466","57","52","5.5"
"9973","63","55","6"
"3714","52","43","4.5"
"8304","89","84","8.6"
"7658","97","88","9.2"
"7134","59","49","5.1"
"6560","79","72","7.6"
"9129","90","83","8.7"
"8576","84","74","7.8"
"5119","92","83","8.5"
"9687","66","60","6.3"
"5418","98","91","9.6"
"5444","60","53","5.7"
"3787","81","71","7.6"
"2494","65","59","6.1"
"6196","90","84","8.6"
"5943","72","64","6.7"
"4613","45","38","4.3"
"8929","91","83","8.5"
"6192","90","81","8.6"
"4046","49","40","4.2"
"4288","71","63","6.5"
"2902","88","82","8.6"
"4248","49","41","4.5"
"7034","70","60","6.2"
"4889","71","65","6.7"
"2918","59","49","5.4"
"4935","89","83","8.6"
"9841","49","44","4.8"
"9855","77","71","7.3"
"4830","64","58","6.1"
"6902","73","64","6.8"
"5673","82","77","8"
"5807","60","52","5.7"
"7851","57","49","5.1"
"5728","46","39","4.3"
"5436","81","74","7.9"
"5590","78","72","7.7"
"3277","50","45","5"
"5337","57","50","5.3"
"9438","71","62","6.4"
"5849","43","35","4"
"6538","92","83","8.7"
"7981","99","91","9.5"
"5109","68","58","6.2"
"2916","81","71","7.4"
"2537","42","33","3.5"
"3274","54","47","5.1"
"4762","41","35","3.8"
"6212","63","56","5.9"
"4175","98","89","9.4"
"9537","77","68","7"
"5182","63","55","5.7"
"5939","81","72","7.6"
"8749","75","66","6.8"
"5738","55","47","5"
"5277","69","59","6.3"
"2044","71","64","6.9"
"2306","43","34","3.6"
"7083","71","64","6.6"
"6884","48","39","4.2"
"7081","68","60","6.3"
"4254","70","61","6.5"
"9234","50","44","4.7"
"2318","63","58","6.2"
"7731","46","37","3.9"
"5925","91","85","8.8"
"2312","59","51","5.6"
"5490","77","68","7.3"
"8600","68","63","6.8"
"5180","55","50","5.3"
"5286","60","53","5.5"
"6796","46","38","4"
"8190","42","33","3.8"
"2038","60","53","5.6"
"2958","67","58","6.2"
"6068","48","41","4.4"
"9590","79","70","7.3"
"4249","47","38","4.1"
"4315","83","77","8"
"7724","47","38","4"
"2078","72","65","7"
"3849","53","45","4.7"
"4955","77","68","7.1"
"4378","81","76","7.9"
"6466","53","48","5"
"5562","55","46","5.1"
"8415","44","36","4"
"6043","62","52","5.5"
"6177","81","71","7.3"
"9386","84","75","7.9"
"2707","80","73","7.8"
"7355","55","45","4.8"
"9140","93","85","8.9"
"6064","60","54","5.8"
"6017","50","45","4.9"
"3283","76","68","7"
"3286","41","35","3.9"
"2634","48","40","4.4"
"9398","82","76","8"
"5428","47","37","4"
"3095","83","78","8.2"
"6643","80","73","7.7"
"5329","57","50","5.4"
"6346","41","34","3.8"
"2414","49","42","4.4"
"2041","66","60","6.4"
"9499","62","57","6"
"9780","57","49","5.2"
"9979","76","69","7.3"
"8882","48","38","4.1"
"7157","46","40","4.2"
"6989","94","84","8.8"
"8081","89","82","8.6"
"9185","57","52","5.6"
"2617","52","44","4.9"
"6323","74","67","7.1"
"2451","52","47","4.9"
"9976","42","32","3.7"
"5663","53","44","4.9"
"6124","83","74","7.8"
"9298","75","68","7.3"
"3753","92","84","8.9"
"7428","58","53","5.6"
"7737","72","65","6.8"
"6455","80","73","7.6"
"2620","50","43","4.6"
"9622","56","47","5.2"
"7051","40","33","3.7"
"4776","84","74","7.6"
"8844","80","70","7.2"
"5619","84","77","8.2"
"4792","87","79","8.3"
"2319","45","35","3.8"
"8106","99","93","9.7"
"3534","80","70","7.5"
"7453","61","54","5.9"
"2331","82","76","7.9"
"5175","65","59","6.4"
"3694","95","87","9.2"
"8226","58","50","5.4"
"7875","57","51","5.5"
"2186","51","44","4.8"
"5890","40","32","3.6"
"2192","72","64","6.9"
"8275","64","57","6.2"
"3990","96","86","9"
"2139","44","36","3.8"
"5944","94","86","8.8"
"2452","86","76","7.8"
"4063","91","85","9"
"6916","50","41","4.3"
"6702","68","61","6.5"
"4153","88","80","8.2"
"5009","80","74","7.9"
"9927","58","48","5.3"
"8211","99","89","9.3"
"9778","48","38","4.3"
"3705","56","49","5.4"
"4791","60","54","5.8"
"7156","82","77","8.2"
"8535","82","76","7.8"
"3719","48","39","4.3"
"7375","72","66","6.9"
"6617","88","80","8.5"
"8027","55","48","5"
"7683","96","91","9.3"
"2167","49","43","4.6"
"9239","77","67","7.1"
"5958","52","46","5"
"2472","58","53","5.5"
"6647","87","80","8.5"
"9035","63","55","5.8"
"4533","85","79","8.4"
"5018","54","49","5.3"
"4011","66","60","6.3"
"8167","92","82","8.4"
"2365","86","79","8.1"
"2315","41","34","3.6"
"5522","91","86","9"
"2001","91","85","8.8"
"2830","96","86","9"
"5549","66","59","6.4"
"2674","66","57","6.2"
"6331","61","52","5.7"
"3726","91","83","8.8"
"3270","57","48","5"
"4799","77","68","7.2"
"4284","49","41","4.5"
"9769","40","30","3.2"
"5584","60","53","5.7"
"8144","47","41","4.5"
"9455","64","58","6"
"8174","48","41","4.3"
"3678","49","41","4.3"
"8895","49","41","4.6"
"2525","71","66","7.1"
"5398","63","56","5.9"
"5399","69","59","6.1"
"8068","95","87","9"
"5150","56","47","5"
"5481","76","68","7"
"2938","47","41","4.4"
"9493","63","55","5.8"
"6699","42","32","3.6"
"7753","86","80","8.2"
"9468","54","49","5.2"
"5857","81","71","7.5"
"2369","96","91","9.3"
"7450","61","53","5.5"
"9387","57","49","5.4"
"2446","98","91","9.4"
"2141","56","46","5.1"
"6742","78","68","7.1"
"6193","82","76","8.1"
"2313","77","71","7.6"
"3823","84","75","7.8"
"6252","89","83","8.5"
"6152","93","87","9.2"
"8806","82","74","7.6"
"4487","42","37","3.9"
"7317","51","46","5"
"9335","94","85","8.9"
"2163","72","65","7"
"2377","91","82","8.4"
"2260","78","72","7.7"
"3203","98","92","9.6"
"2484","69","61","6.4"
"9912","77","72","7.4"
"9517","77","71","7.4"
"3655","62","57","6"
"3259","92","83","8.5"
"7774","49","41","4.4"
"6352","81","72","7.5"
"7335","82","74","7.8"
"6211","85","79","8.1"
"8385","89","82","8.6"
"6217","82","72","7.5"
"9955","79","74","7.6"
"8647","66","60","6.2"
"8735","91","81","8.5"
"4370","85","76","7.9"
"3397","42","34","3.8"
"6806","74","65","6.7"
"7096","69","63","6.7"
"8708","41","35","4"
"4131","72","64","6.8"
"6693","70","60","6.2"
"2104","78","70","7.3"
"5644","92","83","8.7"
"6524","45","39","4.1"
"8234","74","69","7.3"
"3491","49","39","4.4"
"9900","54","47","5.2"
"5811","78","71","7.6"
"6823","43","36","4"
"6377","90","81","8.6"
"5695","68","58","6.1"
"3992","93","85","8.8"
"9553","95","87","9"
"5819","57","48","5.1"
"7424","40","31","3.3"
"4256","69","63","6.8"
"4289","81","71","7.4"
"2180","74","67","7"
"3311","58","52","5.5"
"5404","61","56","5.8"
"3113","70","63","6.5"
"9242","54","49","5.3"
"7625","43","37","4"
"9774","66","58","6.3"
"2661","94","84","8.6"
"6763","51","43","4.8"
"4571","67","60","6.2"
"4259","64","56","5.8"
"9015","50","44","4.7"
"4545","46","36","3.9"
"2454","80","72","7.5"
"2587","42","35","3.7"
"5760","76","69","7.2"
"3631","82","74","7.7"
"6606","91","83","8.6"
"7211","95","87","9.1"
"6364","50","45","5"
"6436","41","31","3.4"
"7955","53","48","5.3"
"2522","47","37","4.2"
"7036","40","33","3.8"
"8355","86","78","8.3"
"7291","91","83","8.5"
"7605","45","39","4.4"
"7699","75","67","7.1"
"4485","71","61","6.5"
"8411","56","47","5.2"
"5753","80","72","7.4"
"2528","83","76","8.1"
"5068","56","50","5.3"
"9991","58","49","5.3"
"5376","40","34","3.7"
"3218","57","51","5.3"
"9549","81","76","7.8"
"6163","85","76","8"
"9556","75","70","7.2"
"5149","53","45","5"
"6341","43","36","4"
"3022","55","47","5"
"4190","48","43","4.5"
"9588","98","93","9.6"
"3639","98","89","9.4"
"9204","43","36","3.8"
"8709","82","74","7.6"
"7710","77","71","7.3"
"5233","73","63","6.7"
"4195","66","59","6.2"
"4465","65","55","6"
"4064","41","31","3.3"
"3293","89","81","8.4"
"5824","54","48","5.1"
"6489","99","92","9.4"
"9337","50","42","4.7"
"8789","66","60","6.5"
"3282","62","52","5.4"
"7542","75","70","7.4"
"3027","91","84","8.8"
"4842","67","60","6.2"
"2919","74","66","6.9"
"8475","54","45","5"
"3162","52","44","4.9"
"5415","57","51","5.5"
"9592","66","60","6.2"
"6544","40","35","3.9"
"8353","82","76","7.9"
"4822","77","69","7.4"
"9896","58","52","5.6"
"2231","95","90","9.5"
"5806","55","48","5.1"
"8265","49","43","4.5"
"2741","59","50","5.4"
"6883","67","60","6.3"
"8620","90","84","8.8"
"6709","75","69","7.1"
"9461","97","91","9.4"
"9856","77","71","7.5"
"2772","75","67","7"
"9019","57","48","5.2"
"2531","63","57","6.2"
"2160","59","49","5.3"
"9746","41","31","3.5"
"3642","72","64","6.9"
"9530","81","76","8.1"
"9423","52","47","5.2"
"8419","83","77","8.2"
"9161","66","56","5.8"
"2564","99","91","9.4"
"5473","55","49","5.1"
"2048","64","54","5.8"
"4878","49","41","4.4"
"2061","69","61","6.6"
"6757","89","82","8.7"
"4383","55","45","4.8"
"7824","91","82","8.5"
"7510","58","49","5.3"
"8322","91","85","8.8"
"7521","42","35","3.9"
"5220","67","62","6.4"
"8274","56","46","5.1"
"6493","75","70","7.2"
"9996","60","53","5.5"
"7463","75","70","7.2"
"6964","96","88","9.1"
"4034","44","38","4"
"9586","77","67","7.2"
"6725","88","78","8.3"
"6484","62","54","5.6"
"4096","65","58","6.2"
"6365","50","42","4.7"
"2288","87","81","8.4"
"6071","77","72","7.5"
"3474","64","56","5.9"
"4825","88","82","8.4"
"3754","57","50","5.5"
"5039","70","61","6.4"
"3472","48","41","4.5"
"4832","41","32","3.7"
"9064","88","81","8.6"
"4428","87","82","8.6"
"6401","78","68","7"
"5976","88","80","8.4"
"4298","45","35","3.8"
"5537","48","40","4.2"
"2667","87","81","8.6"
"8367","98","90","9.3"
"7158","94","89","9.1"
"4777","49","44","4.9"
"3262","54","44","4.8"
"5627","84","79","8.4"
"5207","75","67","6.9"
"9573","92","85","9"
"4364","79","70","7.2"
"8646","55","49","5.4"
"7714","75","68","7"
"9067","74","67","7.1"
"7751","90","82","8.5"
"6898","82","77","7.9"
"7535","93","85","9"
"2210","83","78","8"
"7012","77","71","7.3"
"7843","50","40","4.4"
"9963","93","85","8.7"
"9509","74","66","7"
"3613","83","78","8.1"
"3002","95","88","9.1"
"8291","74","64","6.9"
"9200","81","71","7.4"
"6082","62","52","5.4"
"9089","52","42","4.5"
"9737","75","67","7.1"
"9786","78","70","7.4"
"4481","43","37","4"
"2232","68","62","6.4"
"3191","75","69","7.3"
"7442","46","39","4.2"
"6418","47","39","4.3"
"3798","60","55","5.8"
"3624","47","39","4.4"
"4319","93","87","8.9"
"9057","69","62","6.4"
"8805","98","92","9.6"
"2218","78","70","7.4"
"7113","83","78","8"
"2445","56","46","5"
"7983","69","60","6.5"
"9377","84","74","7.8"
"8718","64","59","6.3"
"6874","79","74","7.6"
"3691","65","55","5.9"
"8124","74","64","6.7"
"3119","94","84","8.8"
"6950","73","67","7"
"3285","72","63","6.5"
"3190","59","54","5.8"
"8988","81","74","7.9"
"3427","70","61","6.4"
"3971","71","64","6.8"
"8061","93","88","9.3"
"5831","66","59","6.1"
"2070","73","63","6.8"
"9494","59","54","5.9"
"2721","95","87","9"
"7777","96","86","9.1"
"6057","54","44","4.9"
"5147","97","92","9.4"
"6805","61","53","5.5"
"9481","55","46","5"
"2866","78","69","7.4"
"2527","56","47","5"
"6871","41","36","4.1"
"7091","83","73","7.5"
"4695","53","44","4.6"
"8015","96","89","9.2"
"8691","88","81","8.5"
"9709","88","78","8.2"
"2100","89","81","8.4"
"3838","48","40","4.4"
"7016","74","67","7.1"
"5099","58","52","5.7"
"6129","43","38","4"
"9473","54","44","4.7"
"9942","66","61","6.6"
"4320","53","45","4.8"
"8544","96","86","8.8"
"8398","96","89","9.4"
"6207","40","30","3.5"
"9925","46","38","4.1"
"9535","82","75","8"
"8209","80","72","7.4"
"6420","52","43","4.5"
"4782","63","57","6"
"6633","80","70","7.2"
"3388","62","52","5.6"
"5805","46","36","3.9"
"9280","45","36","4.1"
"4423","69","61","6.4"
"2807","88","80","8.3"
"7403","54","48","5.3"
"4059","61","53","5.6"
"8276","55","46","4.8"
"3861","54","49","5.1"
"9974","44","34","3.8"
"2105","56","46","5"
"4328","76","68","7.2"
"2217","88","78","8.2"
"7132","91","81","8.3"
"3828","84","77","8.1"
"5488","70","63","6.7"
"9389","92","84","8.6"
"3647","69","63","6.7"
"9285","51","41","4.4"
"7456","46","40","4.3"
"4453","85","76","7.9"
"7120","87","80","8.2"
"6605","70","65","6.7"
"6200","53","47","5"
"8724","85","79","8.2"
"7602","68","61","6.3"
"5464","85","77","8"
"5928","67","59","6.3"
"5604","44","35","4"
"4116","51","44","4.6"
"8328","74","64","6.9"
"6434","41","34","3.7"
"7713","55","50","5.4"
"2256","91","85","8.8"
"9299","61","56","6"
"6307","53","43","4.6"
"3132","55","50","5.2"
"6481","47","40","4.5"
"8922","45","37","4.2"
"5095","96","86","8.9"
"4296","42","33","3.7"
"3115","90","85","8.8"
"9649","60","51","5.6"
"4752","58","52","5.6"
"2734","61","56","5.9"
"3007","40","30","3.5"
"3790","50","42","4.5"
"8171","65","56","6.1"
"9156","94","85","8.7"
"8082","79","72","7.6"
"4332","66","57","5.9"
"5810","58","48","5.1"
"7233","67","61","6.4"
"9411","92","86","9.1"
"8252","89","80","8.2"
"3379","97","91","9.4"
"8040","50","41","4.5"
"7197","66","57","6.1"
"9970","46","37","3.9"
"3969","60","51","5.5"
"4559","52","46","4.8"
"7095","93","85","8.7"
"2809","75","66","7.1"
"2689","52","43","4.5"
"5672","69","63","6.5"
"9257","67","60","6.4"
"4588","48","39","4.4"
"8703","78","68","7"
"5254","69","61","6.4"
"8636","68","62","6.6"
"6081","92","86","9"
"8000","62","55","6"
"9699","84","75","7.7"
"5656","42","32","3.4"
"9454","89","81","8.3"
"4294","48","38","4.1"
"9615","98","92","9.4"
"9307","43","37","4.1"
"5366","73","67","7.2"
"3816","41","34","3.7"
"6766","64","57","6.1"
"4470","75","68","7.1"
"4907","47","38","4"
"6991","97","88","9.1"
"8158","75","67","7.1"
"4712","61","54","5.7"
"3827","71","66","6.8"
"9524","50","40","4.3"
"6870","92","86","8.8"
"5276","91","86","8.9"
"6412","40","35","3.9"
"7401","71","66","7.1"
"5227","86","76","8.1"
"9783","41","33","3.7"
"8374","96","86","8.8"
"4394","44","39","4.3"
"7653","58","48","5.1"
"9269","49","40","4.2"
"9467","40","32","3.6"
"6860","54","44","4.9"
"7411","65","55","5.9"
"4009","44","34","3.6"
"6919","45","39","4.1"
"9625","64","54","5.9"
"4652","46","38","4.2"
"7007","73","66","7.1"
"4872","86","80","8.2"
"9092","87","80","8.4"
"3452","55","49","5.3"
"5715","70","60","6.4"
"4117","42","37","4"
"5183","68","59","6.3"
"5634","64","54","5.9"
"4885","88","78","8.1"
"3240","84","76","7.8"
"8736","66","59","6.4"
"2076","96","87","9.2"
"7756","92","87","8.9"
"9160","51","46","4.9"
"9581","68","58","6"
"9813","44","39","4.4"
"2274","43","35","3.9"
"8533","94","84","8.7"
"2854","41","34","3.7"
"7240","66","61","6.4"
"9604","87","82","8.7"
"5086","46","40","4.3"
"5219","53","45","4.8"
"3604","42","36","4"
"3979","61","56","5.9"
"3708","86","81","8.3"
"2188","95","87","9.1"
"2113","97","88","9.3"
"4864","88","83","8.7"
"5697","95","86","9"
"8018","92","86","9"
"2311","82","72","7.4"
"7438","63","56","5.9"
"4030","44","34","3.9"
"5993","54","45","4.9"
"4025","54","47","5"
"3872","80","72","7.6"
"2933","72","65","7"
"7268","60","51","5.4"
"7956","72","64","6.9"
"3172","64","54","5.9"
"9631","91","84","8.6"
"9016","40","30","3.3"
"4903","91","84","8.7"
"3547","59","50","5.4"
"5468","58","50","5.4"
"2885","43","36","3.9"
"6512","97","87","8.9"
"7220","62","52","5.5"
"3138","90","81","8.4"
"3643","98","92","9.6"
"9361","54","44","4.9"
"5324","99","91","9.6"
"4975","59","53","5.6"
"7899","78","70","7.5"
"9506","62","52","5.4"
"4592","56","49","5.3"
"6551","43","35","3.9"
"3693","90","83","8.7"
"7019","45","40","4.4"
"9935","94","89","9.1"
"4410","94","84","8.6"
"4307","65","55","5.9"
"5106","61","52","5.4"
"2758","98","93","9.8"
"9822","67","59","6.4"
"3313","53","48","5.1"
"9796","60","51","5.3"
"7466","75","65","7"
"3625","60","55","5.7"
"3471","60","50","5.5"
"5600","70","63","6.7"
"5725","87","82","8.6"
"9504","46","40","4.4"
"2063","66","56","6.1"
"5365","84","79","8.2"
"4047","83","77","8"
"2178","61","51","5.3"
"2740","77","67","7.2"
"8836","80","73","7.8"
"6994","66","60","6.3"
"8340","42","35","3.9"
"3600","58","48","5.3"
"7194","83","76","7.8"
"7275","68","59","6.4"
"2784","45","37","4.1"
"8066","74","67","6.9"
"9542","83","75","8"
"8651","99","89","9.3"
"5055","44","34","3.6"
"6783","91","82","8.4"
"8962","58","53","5.6"
"5199","43","36","4.1"
"8825","77","67","7.1"
"2753","97","87","9"
"4840","55","50","5.4"
"6250","83","77","8.2"
"4475","78","73","7.8"
"8883","43","33","3.6"
"7088","62","54","5.9"
"2888","90","82","8.5"
"8136","54","49","5.2"
"9757","99","93","9.6"
"9859","86","79","8.3"
"5980","82","75","7.9"
"3273","47","39","4.2"
"2698","47","39","4.2"
"2640","50","41","4.3"
"2191","88","81","8.4"
"4673","98","92","9.4"
"8662","84","79","8.4"
"2601","84","78","8.1"
"7033","75","68","7.2"
"5235","73","68","7.2"
"2352","46","36","4"
"4705","90","80","8.2"
"6892","55","47","5.1"
"7726","72","66","7"
"6707","98","89","9.3"
"5054","84","78","8.3"
"6799","49","42","4.4"
"7635","52","44","4.7"
"5298","52","45","4.7"
"8327","48","40","4.2"
"3773","75","68","7.2"
"7838","65","58","6.1"
"7065","74","68","7.3"
"5911","77","67","7.2"
"4539","79","73","7.6"
"6482","90","84","8.8"
"6968","45","36","3.8"
"4860","78","70","7.4"
"7341","42","36","3.8"
"4290","62","52","5.6"
"8668","43","33","3.5"
"2833","65","60","6.3"
"2931","80","75","7.9"
"8500","74","69","7.1"
"7948","98","88","9.3"
"8999","86","79","8.1"
"9333","44","35","4"
"6791","71","61","6.3"
"8321","83","76","8.1"
"9522","64","56","6.1"
"6361","69","59","6.2"
"4258","82","75","7.7"
"4037","79","70","7.2"
"6386","43","34","3.8"
"4277","94","87","9"
"6319","51","41","4.6"
"4532","41","31","3.4"
"3522","82","77","8.1"
"9227","59","50","5.5"
"6410","82","75","7.9"
"3182","63","57","5.9"
"5505","96","86","9.1"
"5241","51","42","4.7"
"4531","73","64","6.7"
"8079","60","50","5.4"
"5297","65","55","5.9"
"5315","64","54","5.9"
"7606","68","59","6.1"
"5107","58","48","5.3"
"8958","94","86","8.9"
"2018","69","63","6.5"
"2906","61","56","6"
"7619","65","57","6"
"2479","78","73","7.5"
"9500","80","74","7.9"
"9297","76","66","6.9"
"6946","57","47","4.9"
"9918","92","85","8.8"
"5756","75","65","6.7"
"6298","54","48","5.1"
"5680","90","81","8.3"
"9541","90","82","8.7"
"5104","70","65","6.8"
"2015","90","82","8.5"
"3071","84","77","8.1"
"6399","92","87","9"
"6502","51","46","5.1"
"4114","76","68","7"
"8110","89","82","8.4"
"2327","70","61","6.6"
"3193","85","80","8.4"
"6005","74","69","7.4"
"7927","63","57","5.9"
"9236","65","56","5.9"
"6029","64","59","6.1"
"6556","45","35","3.7"
"6665","64","55","5.9"
"5594","54","46","4.9"
"3958","82","75","7.9"
"5372","93","86","9"
"4573","95","87","9.1"
"6782","55","45","4.8"
"6054","41","36","4"
"7173","93","84","8.7"
"7471","57","48","5.3"
"9505","59","50","5.5"
"7578","87","77","8.1"
"9947","66","58","6.1"
"3368","64","55","5.7"
"2622","44","39","4.2"
"6159","87","79","8.1"
"6074","56","49","5.3"
"2581","49","41","4.4"
"2618","54","45","5"
"7394","76","71","7.5"
"2174","96","89","9.3"
"9466","63","58","6.3"
"2798","84","77","8.1"
"9728","52","47","5.2"
"5907","66","60","6.2"
"5985","96","91","9.5"
"4382","65","56","6"
"7729","99","90","9.2"
"4070","96","89","9.1"
"4681","84","79","8.3"
"8196","55","46","4.9"
"5795","55","49","5.2"
"9385","86","79","8.2"
"3344","73","64","6.7"
"6562","57","47","5.2"
"4558","71","66","7"
"4961","44","34","3.9"
"4214","75","70","7.4"
"4395","88","82","8.4"
"4436","44","39","4.4"
"9731","54","47","4.9"
"9567","46","41","4.5"
"7371","73","64","6.7"
"4094","68","62","6.4"
"3358","50","43","4.5"
"4343","77","67","7.1"
"4513","67","62","6.7"
"7797","68","58","6"
"7682","62","53","5.6"
"2653","81","73","7.5"
"6531","58","49","5.2"
"2508","84","75","7.9"
"9636","50","44","4.8"
"4718","67","60","6.4"
"8661","78","71","7.6"
"7734","48","39","4.2"
"9767","74","69","7.2"
"8888","82","72","7.4"
"9240","81","74","7.8"
"6675","78","73","7.7"
"5257","98","92","9.7"
"3931","76","68","7.3"
"2506","40","32","3.6"
"4820","51","41","4.3"
"5618","51","44","4.7"
"5110","42","33","3.6"
"6134","52","43","4.7"
"6267","53","44","4.9"
"3062","72","66","7"
"7804","92","84","8.8"
"8280","49","39","4.1"
"4113","96","87","9.1"
"4618","87","80","8.4"
"7043","55","49","5.3"
"7407","41","33","3.7"
"5088","51","43","4.6"
"4075","71","66","6.8"
"4988","54","45","4.9"
"4737","44","39","4.2"
"3049","43","37","4.2"
"2043","98","93","9.7"
"5422","51","46","4.9"
"4601","70","65","6.9"
"3761","44","39","4.1"
"4556","89","82","8.4"
"6955","92","87","8.9"
"2803","82","77","8.2"
"4946","96","91","9.6"
"3037","58","52","5.4"
"9212","94","89","9.2"
"6999","40","30","3.4"
"2611","51","45","5"
"8151","82","77","8"
"6443","94","85","9"
"4585","61","55","5.8"
"7270","92","84","8.9"
"8369","45","36","4"
"6351","62","55","5.8"
"2336","52","47","4.9"
"5880","52","47","5"
"2625","64","55","5.8"
"9503","43","38","4"
"9268","46","36","4"
"6166","87","78","8"
"7540","84","78","8.1"
"7529","48","39","4.4"
"5825","56","47","5"
"4373","54","47","5"
"4007","59","52","5.5"
"6347","66","61","6.3"
"5973","97","92","9.4"
"8896","52","43","4.7"
"6140","81","76","7.8"
"2181","63","58","6"
"5255","91","82","8.4"
"4535","60","55","6"
"3758","56","51","5.3"
"8760","84","76","7.9"
"6254","63","55","5.9"
"6216","86","79","8.4"
"8187","62","52","5.5"
"9526","47","38","4.3"
"2355","49","39","4.4"
"2045","72","66","6.8"
"2599","46","37","4"
"5804","60","52","5.6"
"6634","80","70","7.5"
"4001","98","91","9.4"
"8434","62","52","5.5"
"6498","62","57","6.2"
"8983","47","38","4"
"6880","94","86","8.8"
"4679","66","57","6.2"
"9806","73","65","6.8"
"2644","49","39","4.3"
"5856","80","70","7.3"
"7102","42","32","3.7"
"5192","55","47","5.2"
"7554","40","34","3.8"
"9702","50","45","4.9"
"2817","92","84","8.8"
"7151","77","72","7.7"
"3710","61","56","6.1"
"3400","51","45","4.8"
"8517","70","60","6.2"
"3179","93","87","8.9"
"7940","51","46","4.8"
"4817","72","64","6.6"
"3985","48","39","4.3"
"8975","94","89","9.4"
"2726","78","73","7.5"
"4044","67","59","6.4"
"8601","50","41","4.6"
"4463","98","89","9.2"
"3144","40","34","3.6"
"6572","81","71","7.6"
"8501","52","42","4.4"
"9352","48","42","4.6"
"8285","67","57","6"
"2534","49","41","4.5"
"5108","94","88","9.3"
"6400","54","46","5.1"
"6063","57","51","5.5"
"5164","47","37","3.9"
"3496","56","46","4.9"
"4868","46","36","4"
"6563","56","51","5.5"
"5061","72","64","6.9"
"4274","72","66","7.1"
"7477","52","42","4.7"
"4247","42","33","3.7"
"6847","65","59","6.3"
"9902","84","77","8"
"9948","46","41","4.4"
"4767","49","39","4.3"
"4952","72","62","6.4"
"6861","88","83","8.7"
"2272","91","84","8.6"
"6582","78","68","7.2"
"3393","97","87","9.2"
"2440","76","68","7"
"5796","43","36","4"
"7977","53","44","4.8"
"4021","70","64","6.8"
"8615","87","77","7.9"
"2243","86","81","8.4"
"9732","73","68","7.2"
"4005","79","72","7.6"
"9965","94","85","8.9"
"8329","92","83","8.5"
"5445","69","60","6.2"
"6640","76","70","7.4"
"6387","83","73","7.6"
"2195","60","51","5.3"
"9708","79","69","7.3"
"4303","42","32","3.7"
"8142","48","41","4.6"
"7844","90","80","8.2"
"3676","59","51","5.3"
"8044","75","69","7.2"
"6178","56","48","5.1"
"4655","99","93","9.8"
"7311","50","45","4.7"
"4526","78","68","7.1"
"7725","50","41","4.3"
"2330","80","71","7.4"
"3965","86","79","8.4"
"5304","50","44","4.7"
"5923","71","64","6.8"
"9531","44","34","3.6"
"9968","40","35","3.9"
"9155","45","39","4.2"
"9060","74","66","6.8"
"5360","41","35","4"
"9164","49","39","4.3"
"9190","69","59","6.1"
"2407","57","47","5"
"8887","57","49","5.3"
"6726","96","89","9.2"
"8250","93","83","8.5"
"8382","93","85","8.7"
"2208","76","69","7.2"
"6376","56","50","5.3"
"7035","47","39","4.2"
"2898","71","61","6.6"
"5822","56","47","5.2"
"8645","87","78","8.3"
"4403","52","44","4.8"
"3376","79","72","7.5"
"4911","73","65","6.8"
"5144","50","41","4.6"
"9477","59","50","5.3"
"8202","51","41","4.5"
"6408","68","63","6.8"
"3507","59","54","5.7"
"7028","86","77","8.2"
"2606","45","40","4.2"
"3437","42","34","3.6"
"2020","96","91","9.3"
"8337","79","73","7.6"
"4904","61","53","5.6"
"7888","88","78","8.2"
"9278","59","53","5.5"
"2087","65","58","6.2"
"6536","85","76","8"
"8300","97","87","9"
"8154","67","61","6.5"
"5016","55","45","5"
"4285","44","36","3.8"
"8281","93","86","8.8"
"7715","65","55","6"
"7670","98","92","9.4"
"5053","51","44","4.6"
"7314","94","87","8.9"
"4608","95","88","9"
"6756","81","74","7.6"
"4300","84","75","7.9"
"4969","59","53","5.8"
"2262","63","53","5.6"
"4697","67","59","6.4"
"5541","57","52","5.7"
"9571","53","48","5"
"9559","68","62","6.5"
"8886","99","89","9.4"
"6905","93","85","9"
"8345","79","70","7.5"
"7000","63","54","5.8"
"6935","48","41","4.4"
"9362","75","68","7.2"
"5611","61","51","5.3"
"4157","63","53","5.7"
"8956","68","58","6.1"
"4500","50","44","4.6"
"3105","79","73","7.8"
"5087","90","80","8.2"
"4850","45","35","3.9"
"2759","80","74","7.6"
"4694","72","64","6.6"
"6813","70","65","6.7"
"7312","64","54","5.9"
"6294","53","48","5.1"
"5239","60","50","5.3"
"9132","99","89","9.2"
"5949","77","68","7.1"
"6126","53","43","4.5"
"8085","46","39","4.3"
"8515","64","58","6.2"
"9388","93","87","9"
"6203","61","53","5.7"
"8132","90","81","8.3"
"2056","72","66","6.9"
"3227","79","71","7.6"
"6734","99","92","9.5"
"2940","68","63","6.8"
"6705","60","50","5.3"
"6102","93","87","9.2"
"9376","56","48","5.1"
"6226","60","52","5.4"
"5178","98","89","9.2"
"8893","40","33","3.5"
"6816","47","37","4"
"2173","59","53","5.8"
"4612","45","40","4.5"
"3529","42","34","3.6"
"5647","92","85","8.8"
"4551","47","41","4.5"
"7111","83","77","7.9"
"6690","76","68","7.1"
"4251","92","86","9"
"7421","58","50","5.2"
"2246","52","46","4.8"
"8245","48","42","4.7"
"3565","76","68","7.3"
"2393","76","71","7.4"
"6230","63","56","6.1"
"9051","59","51","5.4"
"6463","73","64","6.8"
"9265","76","71","7.5"
"7280","83","75","7.9"
"3748","89","84","8.9"
"2301","65","55","5.9"
"9629","89","79","8.1"
"6663","46","41","4.6"
"2966","43","33","3.8"
"7005","46","36","4.1"
"6588","68","62","6.4"
"7744","81","72","7.5"
"5403","58","48","5.2"
"7409","95","88","9.2"
"4076","73","66","6.9"
"7581","48","39","4.4"
"9818","52","43","4.7"
"3569","61","51","5.4"
"6109","60","52","5.7"
"3322","42","37","4.1"
"6889","79","72","7.6"
"7765","67","57","6"
"6334","80","74","7.7"
"7611","67","57","6"
"7377","62","52","5.5"
"5121","99","91","9.6"
"9317","73","65","6.8"
"3253","78","71","7.4"
"4164","40","30","3.2"
"9036","81","75","8"
"7252","57","50","5.4"
"7513","70","62","6.7"
"2088","42","32","3.4"
"4352","59","52","5.7"
"3950","60","54","5.6"
"7052","50","42","4.6"
"3788","71","63","6.7"
"2086","62","54","5.9"
"8772","69","59","6.1"
"8626","89","79","8.3"
"9652","62","55","6"
"6360","43","34","3.9"
"8482","42","36","4.1"
"7030","65","58","6.1"
"4640","58","50","5.4"
"4560","64","55","5.7"
"2964","86","81","8.5"
"8496","53","46","5.1"
"9096","66","61","6.6"
"5742","76","68","7.3"
"9346","53","45","4.7"
"7938","45","40","4.3"
"4770","46","37","4.1"
"2338","87","81","8.4"
"9498","50","43","4.8"
"6442","46","41","4.6"
"7243","89","84","8.7"
"2496","78","71","7.6"
"5264","61","51","5.6"
"4235","67","62","6.6"
"3176","51","46","5.1"
"3149","83","73","7.6"
"9852","63","53","5.5"
"5873","56","48","5.2"
"1490","96","87","8.9"
"1648","43","35","4"
"1329","78","70","7.4"
"1367","40","35","3.7"
"1459","73","64","6.7"
"1438","62","53","5.5"
"1583","82","72","7.6"
"1437","53","48","5.2"
"1422","57","52","5.5"
"1510","98","91","9.4"
"1722","90","80","8.4"
"1343","72","66","7"
"1270","60","54","5.6"
"1142","60","53","5.5"
"1937","81","71","7.3"
"1454","93","87","9"
"1998","85","77","8"
"1929","49","42","4.5"
"1535","46","37","4"
"1524","48","42","4.6"
"1350","54","48","5"
"1391","60","55","5.9"
"1621","76","69","7.1"
"1774","80","73","7.5"
"1230","64","58","6"
"1666","94","88","9"
"1341","85","76","7.9"
"1337","76","70","7.2"
"1796","76","67","6.9"
"1284","73","65","6.8"
"1888","81","72","7.5"
"1603","64","56","5.9"
"1049","83","73","7.5"
"1876","54","49","5.4"
"1665","72","65","6.9"
"1100","59","53","5.5"
"1889","74","67","7.2"
"1032","45","38","4.2"
"1646","49","44","4.7"
"1966","81","72","7.5"
"1945","77","67","7"
"1669","86","76","7.9"
"1323","59","49","5.3"
"1092","67","59","6.4"
"1113","59","51","5.6"
"1599","97","92","9.7"
"1306","83","74","7.7"
"1693","96","87","9.2"
"1753","62","52","5.4"
"1287","45","40","4.4"
"1266","96","89","9.2"
"1334","79","69","7.1"
"1416","83","76","8.1"
"1986","64","54","5.9"
"1969","94","87","8.9"
"1346","95","88","9.2"
"1041","45","37","4.2"
"1333","97","92","9.5"
"1012","78","73","7.6"
"1948","90","82","8.6"
"1360","81","75","7.9"
"1728","45","35","3.8"
"1711","63","58","6.1"
"1655","71","65","7"
"1372","53","46","5.1"
"1025","41","33","3.6"
"1856","84","79","8.2"
"1208","57","50","5.2"
"1047","61","52","5.5"
"1662","53","46","4.9"
"1526","77","69","7.2"
"1877","40","34","3.7"
"1982","90","85","8.7"
"1481","98","90","9.4"
"1316","85","80","8.4"
"1131","88","80","8.5"
"1738","90","84","8.7"
"1269","79","70","7.4"
"1034","45","39","4.3"
"1265","62","56","6.1"
"1073","95","89","9.2"
"1569","83","76","8.1"
"1678","45","40","4.4"
"1911","79","73","7.7"
"1988","98","91","9.3"
"1542","78","71","7.6"
"1905","96","89","9.1"
"1965","50","40","4.5"
"1434","56","49","5.1"
"1436","75","66","7.1"
"1612","52","45","4.7"
"1620","79","74","7.8"
"1038","64","58","6.1"
"1629","87","79","8.4"
"1088","64","58","6.2"
"1529","62","56","5.8"
"1898","85","77","7.9"
"1553","59","50","5.5"
"1393","78","73","7.6"
"1253","94","85","8.7"
"1191","68","59","6.4"
"1760","52","43","4.8"
"1846","99","91","9.6"
"1460","61","51","5.3"
